0,0.528360340229052,0.26693984368301,0.00551934713696792,0.26693984368301
0.00628947478196155,0.528339658222822,0.270228152204276,0.00554002914319788,0.263651535161743
0.0125789495639231,0.528277615476602,0.273515940423438,0.00560207188941769,0.260363746942582
0.0188684243458846,0.528174221807285,0.276802688120716,0.00570546555873479,0.257076999245304
0.0251578991278462,0.528029493574632,0.280087875240971,0.0058501937913874,0.253791812125049
0.0314473739098077,0.527843453678686,0.283370981975991,0.00603623368733336,0.250508705390029
0.0377368486917693,0.527616131556146,0.286651488846738,0.00626355580987322,0.247228198519282
0.0440263234737308,0.527347563175711,0.289928876785546,0.00653212419030815,0.243950810580473
0.0503157982556924,0.527037791032388,0.293202627218251,0.00684189633363117,0.240677060147768
0.0566052730376539,0.526686864140768,0.296472222146244,0.00719282322525093,0.237407465219776
0.0628947478196155,0.526294838027272,0.299737144228431,0.00758484933874736,0.234142543137588
0.069184222601577,0.525861774721362,0.302996876863095,0.00801791264465731,0.230882810502925
0.0754736973835386,0.52538774274573,0.306250904269632,0.00849194462028957,0.227628783096388
0.0817631721655001,0.524872817105453,0.309498711570166,0.00900687026056675,0.224380975795854
0.0880526469474617,0.524317079276126,0.312739784871014,0.00956260808989356,0.221139902495006
0.0943421217294232,0.523720617190972,0.315973611344,0.0101590701750482,0.217906076022019
0.100631596511385,0.523083525226924,0.3191996793076,0.010796162139096,0.21468000805842
0.106921071293346,0.522405904189697,0.322417478307899,0.0114737831763225,0.211462209058121
0.113210546075308,0.521687861297836,0.325626499199364,0.0121918260681836,0.208253188166655
0.119500020857269,0.520929510165749,0.328826234225406,0.0129501772002706,0.205053453140613
0.125789495639231,0.520130970785732,0.332016177098716,0.0137487165802873,0.201863510267304
0.132078970421193,0.519292369508984,0.335195823081377,0.014587317857036,0.198683864284643
0.138368445203154,0.51841383902561,0.338364669064728,0.0154658483404094,0.195515018301292
0.144657919985116,0.517495518343633,0.341522213648968,0.0163841690223868,0.192357473717051
0.150947394767077,0.516537552766991,0.344667957222495,0.0173421345990282,0.189211730143524
0.157236869549039,0.515540093872554,0.347801402040954,0.0183395934934658,0.186078285325066
0.163526344331,0.514503299486132,0.350922052305995,0.0193763878798875,0.182957635060025
0.169815819112962,0.51342733365751,0.354029414243725,0.0204523537085096,0.179850273122295
0.176105293894923,0.512312366634485,0.357122996182834,0.0215673207315341,0.176756691183185
0.182394768676885,0.511158574835934,0.360202308632394,0.0227211125300861,0.173677378733626
0.188684243458846,0.509966140823891,0.363266864359304,0.0239135465421286,0.170612823006715
0.194973718240808,0.50873525327467,0.366316178465392,0.0251444340913493,0.167563508900627
0.20126319302277,0.507466106949006,0.369349768464135,0.0264135804170134,0.164529918901885
0.207552667804731,0.506158902661238,0.372367154356999,0.0277207847047812,0.16151253300902
0.213842142586693,0.504813847247538,0.375367858709396,0.0290658401184821,0.158511828656624
0.220131617368654,0.503431153533178,0.378351406726218,0.0304485338328416,0.155528280639801
0.226421092150616,0.502011040298863,0.381317326326973,0.0318686470671568,0.152562361039047
0.232710566932577,0.500553732246107,0.384265148220471,0.0333259551199129,0.149614539145548
0.239000041714539,0.499059459961681,0.387194405979088,0.034820227404338,0.146685281386932
0.2452895164965,0.497528459881132,0.39010463611256,0.0363512274848878,0.143775051253459
0.251578991278462,0.495960974251363,0.392995378141328,0.0379187131146564,0.140884309224691
0.257868466060423,0.494357251092313,0.395866174669392,0.0395224362737067,0.138013512696628
0.264157940842385,0.492717544157706,0.398716571456686,0.0411621432083139,0.135163115909333
0.270447415624347,0.491042112894903,0.401546117490954,0.0428375744711165,0.132333569875066
0.276736890406308,0.489331222403852,0.404354365059108,0.044548464962168,0.129525322306911
0.28302636518827,0.487585143395136,0.407140869818074,0.0462945439708834,0.126738817547945
0.289315839970231,0.485804152147147,0.409905190865095,0.0480755352188727,0.123974496500925
0.295605314752193,0.483988530462363,0.412646890807496,0.0498911569036561,0.121232796558524
0.301894789534154,0.482138565622766,0.415365535831891,0.0517411217432533,0.118514151534128
0.308184264316116,0.480254550344381,0.418060695772827,0.053625137021639,0.115818991593193
0.314473739098077,0.478336782730961,0.420731944180844,0.0555429046350588,0.113147743185175
0.320763213880039,0.476385566226821,0.423378858389955,0.057494121139198,0.110500828976065
0.327052688662,0.474401209568825,0.426001019584519,0.0594784777971945,0.1078786677815
0.333342163443962,0.47238402673753,0.428598012865516,0.0614956606284897,0.105281674500503
0.339631638225924,0.47033433690751,0.43116942731619,0.0635453504585091,0.10271026004983
0.345921113007885,0.468252464396855,0.433714856067067,0.0656272229691644,0.100164831298952
0.352210587789847,0.46613873861585,0.436233896360339,0.0677409487501698,0.0976457910056801
0.358500062571808,0.463993494014856,0.438726149613587,0.069886193351164,0.0951535377524329
0.36478953735377,0.46181707003139,0.441191221482846,0.0720626173346294,0.0926884658831737
0.371079012135731,0.459609811036419,0.443628721925007,0.0742698763296005,0.0902509654410127
0.377368486917693,0.457372066279866,0.446038265259528,0.0765076210861532,0.0878414221064912
0.383657961699654,0.455104189835354,0.448419470229463,0.078775497530666,0.0854602171365568
0.389947436481616,0.452806540544176,0.450771960061782,0.0810731468218438,0.0831077273042374
0.396236911263578,0.450479481958522,0.453095362526994,0.0834002054074971,0.0807843248390253
0.402526386045539,0.448123382283954,0.455389309998039,0.0857563050820659,0.0784903773679805
0.408815860827501,0.445738614321139,0.457653439508458,0.08814107304488,0.0762262478575612
0.415105335609462,0.443325555406873,0.459887392809827,0.0905541319591468,0.073992294556193
0.421394810391424,0.440884587354364,0.462090816428436,0.0929951000116559,0.0717888709375836
0.427684285173385,0.438416096392826,0.464263361721226,0.0954635909731933,0.0696163256447935
0.433973759955347,0.435920473106366,0.466404684930948,0.0979592142596532,0.0674750024350712
0.440263234737308,0.43339811237218,0.468514447240559,0.100481574993839,0.0653652401254609
0.44655270951927,0.430849413298074,0.470592314826827,0.103030274067946,0.0632873725391921
0.452842184301231,0.428274779159314,0.472637958913159,0.105604908206706,0.06124172845286
0.459131659083193,0.425674617334815,0.474651055821616,0.108205070031204,0.0592286315444034
0.465421133865155,0.423049339242687,0.47663128702413,0.110830348123332,0.0572484003418898
0.471710608647116,0.420399360275131,0.478578339192904,0.113480327090888,0.0553013481731157
0.478000083429078,0.417725099732717,0.48049190424999,0.116154587633302,0.0533877831160293
0.484289558211039,0.415026980758036,0.482371679416036,0.118852706607984,0.0515080079499838
0.490579032993001,0.412305430268749,0.48421736725819,0.121574257097271,0.0496623201078293
0.496868507774962,0.409560878890035,0.486028675737169,0.124318808475984,0.0478510116288509
0.503157982556924,0.406793760886458,0.48780531825346,0.127085926479562,0.0460743691125597
0.509447457338885,0.404004514093248,0.489547013692675,0.129875173272772,0.0443326736733447
0.515736932120847,0.401193579847027,0.491253486470027,0.132686107518992,0.0426262008959929
0.522026406902809,0.39836140291598,0.492924466573936,0.135518284450039,0.040955220792084
0.52831588168477,0.395508431429473,0.494559689608753,0.138371255936546,0.0393199977572669
0.534605356466732,0.392635116807154,0.496158896836594,0.141244570558865,0.0377207905294251
0.540894831248693,0.389741913687519,0.497721835218282,0.1441377736785,0.0361578521477373
0.547184306030655,0.386829279855983,0.49924825745338,0.147050407510037,0.0346314299126391
0.553473780812616,0.383897676172436,0.500737922019326,0.149982011193583,0.0331417653466934
0.559763255594578,0.380947566498333,0.502190593209644,0.152932120867686,0.0316890941563751
0.566052730376539,0.37797941762329,0.503606041171244,0.155900269742729,0.0302736461947752
0.572342205158501,0.374993699191228,0.504984041940787,0.158885988174791,0.0288956454252322
0.578631679940462,0.371990883626062,0.506324377480125,0.161888803739957,0.0275553098858943
0.584921154722424,0.36897144605695,0.507626835710799,0.164908241309069,0.0262528516552203
0.591210629504386,0.365935864243115,0.508891210547597,0.167943823122905,0.024988476818422
0.597500104286347,0.362884618498249,0.510117301931163,0.170995068867771,0.0237623854348568
0.603789579068309,0.359818191614515,0.511304915859647,0.174061495751505,0.0225747715063721
0.61007905385027,0.356737068786156,0.512453864419411,0.177142618579863,0.0214258229466088
0.616368528632232,0.353641737532723,0.513563965814751,0.180237949833296,0.0203157215512683
0.622658003414193,0.350532687621936,0.514635044396672,0.183346999744084,0.0192446429693475
0.628947478196155,0.347410410992188,0.515666930690674,0.186469276373831,0.0182127566753458
0.635236952978116,0.34427540167471,0.51665946142357,0.189604285691309,0.0172202259424498
0.641526427760078,0.341128155715398,0.517612479549321,0.192751531650621,0.016267207816699
0.647815902542039,0.337969171096326,0.518525834273883,0.195910516269694,0.0153538530921364
0.654105377324001,0.334798947656951,0.51939938107907,0.199080739709069,0.0144803062869492
0.660394852105963,0.331617987015025,0.520232981745418,0.202261700350994,0.0136467056206012
0.666684326887924,0.328426792487226,0.521026504374056,0.205452894878794,0.0128531829919636
0.672973801669886,0.325225869009516,0.521779823407575,0.208653818356503,0.0120998639584443
0.679263276451847,0.32201572305725,0.522492819649898,0.211863964308769,0.0113868677161211
0.685552751233809,0.318796862565035,0.523165380285138,0.215082824800984,0.010714307080882
0.69184222601577,0.315569796846361,0.523797398895445,0.218309890519658,0.0100822884705743
0.698131700797732,0.312335036513014,0.524388775477853,0.221544650853006,0.00949091188816661
0.704421175579693,0.309093093394282,0.524939416460094,0.224786593971737,0.00894027090592515
0.710710650361655,0.305844480455971,0.525449234715411,0.228035206910048,0.00843045265060837
0.717000125143616,0.302589711719238,0.525918149576339,0.231289975646782,0.00796153778968092
0.723289599925578,0.299329302179258,0.52634608684747,0.234550385186762,0.00753360051854981
0.72957907470754,0.296063767723739,0.526732978817195,0.23781591964228,0.00714670854882477
0.735868549489501,0.292793625051295,0.527078764268415,0.241086062314724,0.00680092309760412
0.742158024271463,0.289519391589686,0.527383388488231,0.244360295776333,0.00649629887778874
0.748447499053424,0.286241585413951,0.527646803276595,0.247638101952068,0.00623288408942485
0.754736973835386,0.282960725164431,0.527868966953942,0.250918962201589,0.00601072041207753
0.761026448617347,0.279677329964705,0.528049844367784,0.254202357401314,0.00582984299823573
0.767315923399309,0.276391919339456,0.528189406898269,0.257487768026563,0.00569028046775023
0.77360539818127,0.27310501313226,0.528287632462714,0.260774674233759,0.00559205490330513
0.779894872963232,0.269817131423336,0.528344505519096,0.264062555942683,0.00553518184692383
0.786184347745193,0.266528794447257,0.52836001706851,0.267350892918762,0.00551967029750978
0.792473822527155,0.263240522510629,0.528334164656597,0.27063916485539,0.00554552270942269
0.798763297309117,0.259952835909769,0.528266952373929,0.27392685145625,0.00561273499209008
0.805052772091078,0.256666254848377,0.528158390855365,0.277213432517643,0.00572129651065451
0.81134224687304,0.253381299355225,0.528008497278363,0.280498388010795,0.00587119008765652
0.817631721655001,0.250098489201875,0.527817295360267,0.283781198164144,0.00606239200575219
0.823921196436963,0.246818343820439,0.527584815354553,0.287061343545581,0.00629487201146642
0.830210671218924,0.243541382221384,0.52731109404604,0.290338305144636,0.00656859331997928
0.836500146000886,0.240268122911416,0.526996174745073,0.293611564454604,0.00688351262094702
0.842789620782847,0.236999083811434,0.526640107280665,0.296880603554585,0.00723958008535432
0.849079095564809,0.233734782174585,0.52624294799262,0.300144905191434,0.00763673937339911
0.855368570346771,0.230475734504415,0.525804759722612,0.303403952861605,0.00807492764340707
0.861658045128732,0.227222456473145,0.525325611804245,0.306657230892874,0.00855407556177449
0.867947519910694,0.223975462840081,0.52480558005208,0.309904224525938,0.00907410731393944
0.874236994692655,0.220735267370161,0.524244746749642,0.313144419995859,0.00963494061637713
0.880526469474617,0.217502382752663,0.5236432006364,0.316377304613357,0.0102364867296199
0.886815944256578,0.214277320520084,0.523001036893721,0.319602366845936,0.0108786504722982
0.89310541903854,0.211060590967203,0.522318357129819,0.322819096398816,0.0115613302362006
0.899394893820501,0.207852703070337,0.521595269363668,0.326026984295682,0.0122844180023513
0.905684368602463,0.204654164406805,0.520831888007917,0.329225522959214,0.0130477993581021
0.911973843384424,0.201465481074618,0.520028333850785,0.332414206291402,0.0138513535152349
0.918263318166386,0.198287157612397,0.519184734036945,0.335592529753623,0.0146949533290743
0.924552792948348,0.195119696919543,0.518301222047414,0.338759990446476,0.0155784653186055
0.930842267730309,0.191963600176667,0.517377937678425,0.341916087189353,0.0165017496875942
0.937131742512271,0.188819366766281,0.516415027019313,0.345060320599738,0.0174646603467068
0.943421217294232,0.185687494193792,0.515412642429394,0.348192193172227,0.0184670449366256
0.949710692076194,0.182568478008775,0.514370942513863,0.351311209357245,0.0195087448521562
0.956000166858155,0.179462811726566,0.513290092098696,0.354416875639454,0.0205895952673234
0.962289641640117,0.176370986750175,0.512170262204568,0.357508700615844,0.0217094251614511
0.968579116422078,0.173293492292532,0.511011630019797,0.360586195073488,0.0228680573462229
0.97486859120404,0.170230815299077,0.509814378872302,0.363648872066943,0.0240653084937177
0.981158065986001,0.167183440370716,0.508578698200602,0.366696246995304,0.0253009891654177
0.987447540767963,0.164151849687141,0.507304783523836,0.369727837678879,0.026574903842183
0.993737015549925,0.161136522930536,0.505992836410832,0.372743164435483,0.0278868509551875
1.00002649033189,0.158137937209679,0.504643064448206,0.37574175015634,0.0292366229178132
1.00631596511385,0.15515656698445,0.503255681207523,0.37872312038157,0.0306240061584964
1.01260543989581,0.152192883990754,0.5018309062115,0.381686803375266,0.0320487811545201
1.01889491467777,0.149247357165886,0.500368964899271,0.384632330200133,0.033510722466749
1.02518438945973,0.146320452574329,0.498870088590719,0.387559234791691,0.0350095987753002
1.03147386424169,0.143412633334007,0.497334514449875,0.390467054032013,0.0365451729161445
1.03776333902366,0.140524359543011,0.495762485447388,0.393355327823009,0.038117201918632
1.04405281380562,0.137656088206796,0.494154250322082,0.396223599159223,0.0397254370439375
1.05034228858758,0.134808273165872,0.492510063541602,0.399071414200147,0.0413696238244172
1.05663176336954,0.131981365023992,0.490830185262147,0.401898322342027,0.043049502103873
1.0629212381515,0.129175811076854,0.489114881287303,0.404703876289166,0.0447648060787165
1.06921071293346,0.126392055241327,0.487364423025993,0.407487632124692,0.0465152643400263
1.07550018771542,0.123630537985213,0.485579087449527,0.410249149380807,0.0483005999164928
1.08178966249739,0.120891696257547,0.483759157047777,0.412987991108473,0.0501205303182421
1.08807913727935,0.118175963419465,0.481904919784485,0.415703723946554,0.0519747675815348
1.09436861206131,0.115483769175634,0.480016669051691,0.418395918190385,0.0538630183143288
1.10065808684327,0.112815539506256,0.478094703623316,0.421064147859764,0.0557849837427031
1.10694756162523,0.11017169659967,0.476139327607888,0.423707990766349,0.0577403597581314
1.11323703640719,0.10755265878555,0.474150850400419,0.42632702858047,0.0597288369656009
1.11952651118916,0.104958840468712,0.472129586633452,0.428920846897308,0.0617501007325672
1.12581598597112,0.102390652063544,0.470075856127281,0.431489035302476,0.063803831238738
1.13210546075308,0.0998484999290673,0.467989983839342,0.434031187436952,0.0658897035266773
1.13839493553504,0.0973327863046401,0.465872299812796,0.436546901061379,0.0680073875532232
1.144684410317,0.0948439092463099,0.46372313912431,0.43903577811971,0.0701565482417092
1.15097388509896,0.0923822625638317,0.461542841831036,0.441497424802188,0.0723368455349837
1.15726335988092,0.0899482357583555,0.459331752916804,0.443931451607664,0.0745479344492155
1.16355283466289,0.0875422139607964,0.457090222237539,0.446337473405223,0.0767894651284807
1.16984230944485,0.0851645778708967,0.454818604465901,0.448715109495123,0.0790610829001189
1.17613178422681,0.0828157036969879,0.452517259035166,0.451063983669031,0.081362428330853
1.18242125900877,0.0804959630964645,0.450186550082359,0.453383724269555,0.083693137283661
1.18871073379073,0.0782057231169771,0.447826846390626,0.455673964249042,0.086052840975393
1.19500020857269,0.0759453461383557,0.445438521330897,0.457934341227664,0.088441166035123
1.20128968335466,0.0737151898152704,0.443021952802793,0.460164497550749,0.0908577345632261
1.20757915813662,0.0715156070206412,0.440577523174846,0.462364080345378,0.0933021641911736
1.21386863291858,0.0693469457898032,0.438105619223986,0.464532741576216,0.0957740681420334
1.22015810770054,0.0672095492654379,0.43560663207435,0.466670138100582,0.0982730552916696
1.2264475824825,0.0651037556432782,0.43308095713539,0.468775931722741,0.100798730230629
1.23273705726446,0.063029898118597,0.430528994039313,0.470849789247422,0.103350693326706
1.23902653204642,0.0609883048334856,0.427951146577844,0.472891382532534,0.105928540788176
1.24531600682839,0.0589792988249331,0.425347822638336,0.474900388541086,0.108531864727684
1.25160548161035,0.0570031979737128,0.422719434139232,0.476876489392307,0.111160253226788
1.25789495639231,0.0550603149540843,0.420066396964887,0.478819372411935,0.113813290401133
1.26418443117427,0.0531509571843201,0.417389130899764,0.480728730181699,0.116490556466255
1.27047390595623,0.0512754267780632,0.414688059562013,0.482604260587956,0.119191627804007
1.27676338073819,0.0494340204965245,0.41196361033644,0.484445666869495,0.12191607702958
1.28305285552016,0.0476270297015268,0.409216214306886,0.486252657664493,0.124663473059134
1.28934233030212,0.0458547403094029,0.406446306188016,0.488024947056617,0.127433381178004
1.29563180508408,0.0441174327457565,0.403654324256535,0.489762254620263,0.130225363109484
1.30192127986604,0.0424153819010902,0.400840710281843,0.491464305464929,0.133038977084177
1.308210754648,0.0407488570873106,0.398005909456128,0.493130830278709,0.135873777909892
1.31450022942996,0.0391181219951155,0.395150370323932,0.494761565370904,0.138729317042087
1.32078970421193,0.0375234346522707,0.392274544711176,0.496356252713749,0.141605142654844
1.32707917899389,0.0359650473827831,0.389378887653664,0.497914639983236,0.144500799712355
1.33336865377585,0.0344432067669754,0.386463857325092,0.499436480599044,0.147415830040927
1.33965812855781,0.0329581536024707,0.383529914964546,0.500921533763549,0.150349772401474
1.34594760333977,0.0315101228660914,0.380577524803521,0.502369564499928,0.153302162562499
1.35223707812173,0.0300993436766794,0.377607153992471,0.50378034368934,0.156272533373549
1.35852655290369,0.0287260392588432,0.374619272526889,0.505153648107176,0.159260414839131
1.36481602768566,0.0273904269076373,0.371614353172942,0.506489260458382,0.162265334193077
1.37110550246762,0.0260927179541802,0.368592871392667,0.507786969411839,0.165286815973352
1.37739497724958,0.0248331177322158,0.365555305268738,0.509046569633804,0.168324382097282
1.38368445203154,0.0236118255456243,0.36250213542882,0.510267861820395,0.1713775519372
1.3899739268135,0.0224290346368862,0.359433844969521,0.511450652729133,0.174445842396498
1.39626340159546,0.0212849321565062,0.356350919379955,0.512594755209513,0.177528767986065
1.40255287637743,0.0201796991334009,0.353253846464918,0.513699988232619,0.180625840901102
1.40884235115939,0.0191135104462549,0.35014311626771,0.514766176919765,0.183736571098309
1.41513182594135,0.0180865347958498,0.347019220992595,0.51579315257017,0.186860466373425
1.42142130072331,0.0170989346783716,0.343882654926915,0.516780752687648,0.189997032439105
1.42771077550527,0.0161508663596989,0.340733914362889,0.517728821006321,0.193145773003131
1.43400025028723,0.0152424798506772,0.337573497519078,0.518637207515342,0.196306189846942
1.44028972506919,0.0143739188833833,0.334401904461558,0.519505768482636,0.199477782904462
1.44657919985116,0.0135453208883826,0.331219637024792,0.520334366477637,0.202660050341227
1.45286867463312,0.0127568169729842,0.32802719873223,0.521122870393035,0.20585248863379
1.45915814941508,0.0120085319004954,0.324825094716632,0.521871155465524,0.209054592649387
1.46544762419704,0.0113005840704811,0.321613831640148,0.522579103295538,0.212265855725872
1.471737098979,0.0106330855000298,0.318393917614143,0.52324660186599,0.215485769751877
1.47802657376096,0.010006141806029,0.315165862118807,0.52387354555999,0.218713825247213
1.48431604854293,0.00941985218845388,0.311930175922536,0.524459835177566,0.221949511443484
1.49060552332489,0.00887430941467104,0.308687371001115,0.525005377951348,0.225192316364904
1.49689499810685,0.00836959980476021,0.305437960456712,0.525510087561259,0.228441726909308
1.50318447288881,0.00790580321785577,0.302182458436686,0.525973884148164,0.231697228929333
1.50947394767077,0.00748299303951126,0.29892138005224,0.526396694326508,0.23495830731378
1.51576342245273,0.00710123617008708,0.29565524129691,0.526778451195933,0.238224446069109
1.52205289723469,0.00676059301416572,0.292384558964928,0.527119094351854,0.241495128401091
1.52834237201666,0.00646111747099345,0.289109850569443,0.527418569895026,0.244769836796576
1.53463184679862,0.00620285692595231,0.285831634260642,0.527676830440067,0.248048053105377
1.54092132158058,0.0059858522430623,0.28255042874376,0.527893835122957,0.25132925862226
1.54721079636254,0.00581013775851561,0.279266753197008,0.528069549607504,0.254612934169012
1.5535002711445,0.00567574127524371,0.275981127189426,0.528203946090776,0.257898560176594
1.55978974592646,0.00558268405851779,0.27269407059867,0.528297003307502,0.26118561676735
1.56607922070843,0.00553098083258469,0.269406103528755,0.528348706533435,0.264473583837265
1.57236869549039,0.00552063977833647,0.266117746227759,0.528359047587683,0.26776194113826
1.57865817027235,0.00555166253201631,0.262829519005505,0.528328024834003,0.271050168360514
1.58494764505431,0.00562404418495944,0.259541942151235,0.52825564318106,0.274337745214784
1.59123711983627,0.00573777328436997,0.256255535851283,0.52814191408165,0.277624151514736
1.59752659461823,0.00589283183513296,0.25297082010677,0.527986855530887,0.280908867259249
1.60381606940019,0.00608919530266171,0.249688314651324,0.527790492063358,0.284191372714696
1.61010554418216,0.00632683261677998,0.246408538868842,0.52755285474924,0.287471148497178
1.61639501896412,0.00660570617663798,0.243132011711312,0.527273981189382,0.290747675654707
1.62268449374608,0.00692577185666186,0.2398592516167,0.526953915509358,0.29402043574932
1.62897396852804,0.00728697901353587,0.236590776426915,0.526592708352484,0.297288910939104
1.63526344331,0.00768927049421521,0.233327103305877,0.526190416871804,0.300552584060143
1.64155291809196,0.00813258264496944,0.230068748657682,0.52574710472105,0.303810938708337
1.64784239287393,0.00861684532145423,0.226816228044899,0.525262842044565,0.307063459321121
1.65413186765589,0.0091419818998101,0.223570056106987,0.524737705466209,0.310309631259033
1.66042134243785,0.00970790928878659,0.220330746478868,0.524171778077233,0.313548940887151
1.66671081721981,0.0103145379428894,0.217098811709657,0.52356514942313,0.316780875656363
1.67300029200177,0.0109617718765491,0.213874763181558,0.52291791548947,0.320004924184462
1.67928976678373,0.0116495086793089,0.210659111028954,0.522230178686711,0.323220576337065
1.68557924156569,0.0123776395320286,0.207452364057687,0.521502047833991,0.326427323308333
1.69186871634766,0.0131460492241026,0.204255029664549,0.520733638141917,0.329624657701471
1.69815819112962,0.0139546161716901,0.201067613757001,0.51992507119433,0.332812073609018
1.70444766591158,0.0148032124369525,0.197890620673125,0.519076474929067,0.335989066692895
1.71073714069354,0.0156917037482968,0.194724553101818,0.518187983617723,0.339155134264202
1.7170266154755,0.0166199495216214,0.191569912003258,0.517259737844398,0.342309775362761
1.72331609025746,0.0175878028825601,0.188427196529637,0.516291884483459,0.345452490836382
1.72960556503943,0.0185951106897218,0.18529690394618,0.515284576676298,0.348582783419839
1.73589503982139,0.0196417135589219,0.182179529552464,0.514237973807098,0.351700157813556
1.74218451460335,0.0207274458884013,0.179075566604048,0.513152241477618,0.354804120761972
1.74847398938531,0.021852135885029,0.175985506234427,0.512027551480991,0.357894181131593
1.75476346416727,0.0230156055914846,0.17290983737732,0.510864081774535,0.360969849988699
1.76105293894923,0.0242176709144163,0.169849046689308,0.509662016451603,0.364030640676711
1.76734241373119,0.0254581416535697,0.16680361847283,0.50842154571245,0.367076068893189
1.77363188851316,0.0267368215318822,0.163774034599554,0.507142865834137,0.370105652766465
1.77992136329512,0.0280535082265403,0.160760774434131,0.505826179139479,0.373118912931889
1.78621083807708,0.029407993400992,0.157764314758346,0.504471693965028,0.376115372607674
1.79250031285904,0.0308000627379119,0.154785129695678,0.503079624628108,0.379094557670342
1.798789787641,0.0322294959731119,0.151823690636281,0.501650191392908,0.382055996729739
1.80507926242296,0.0336960669303935,0.148880466162396,0.500183620435626,0.384999221203623
1.81136873720493,0.0351995435573348,0.145955921974209,0.498680143808685,0.38792376539181
1.81765821198689,0.0367396879620078,0.143050520816164,0.497139999404012,0.390829166549856
1.82394768676885,0.0383162564506197,0.140164722403743,0.4955634309154,0.393714964962277
1.83023716155081,0.0399289995660717,0.137298983350727,0.493950687799948,0.396580704015292
1.83652663633277,0.0415776621274305,0.134453757096949,0.492302025238589,0.399425930269071
1.84281611111473,0.0432619832703046,0.131629493836542,0.490617704095715,0.402250193529477
1.8491055858967,0.0449816964881207,0.128826640446711,0.488897990877899,0.405053046919308
1.85539506067866,0.0467365296742921,0.126045640417023,0.487143157691727,0.407834046948996
1.86168453546062,0.0485262051652741,0.123286933779232,0.485353482200745,0.410592753586788
1.86797401024258,0.0503504397844976,0.120550957037656,0.483529247581522,0.413328730328363
1.87426348502454,0.0522089448871755,0.117838143100111,0.481670742478844,0.416041544265908
1.8805529598065,0.0541014264059749,0.115148921209412,0.479778260960045,0.418730766156608
1.88684243458846,0.0560275848975462,0.112483716875451,0.477852102468473,0.421395970490569
1.89313190937043,0.0579871155899037,0.109842951807876,0.475892571776116,0.424036735558144
1.89942138415239,0.0599797084306489,0.10722704384936,0.473899978935371,0.42665264351666
1.90571085893435,0.0620050481360294,0.104636406909488,0.47187463922999,0.429243280456531
1.91200033371631,0.0640628142408257,0.102071450899268,0.469816873125194,0.431808236466752
1.91828980849827,0.0661526811490578,0.0995325816662639,0.467727006216962,0.434347105699756
1.92457928328023,0.068274318185503,0.0970202009303881,0.465605369180516,0.436859486435631
1.9308687580622,0.070427389648019,0.0945347062203323,0.463452297718001,0.439344981145687
1.93715823284416,0.0726115548606603,0.0920764908106695,0.461268132505359,0.44180319655535
1.94344770762612,0.0748264682275831,0.0896459436596267,0.459053219138436,0.444233743706393
1.94973718240808,0.0770717792877285,0.0872434493475407,0.456807908078291,0.446636238018479
1.95602665719004,0.0793471327702743,0.0848693880160073,0.454532554595745,0.449010299350012
1.962316131972,0.0816521686508498,0.0825241353077313,0.45222751871517,0.451355552058288
1.96860560675396,0.083986522208501,0.0802080623070905,0.449893165157519,0.453671625058929
1.97489508153593,0.0863498240833998,0.0779215354814189,0.44752986328262,0.455958151884601
1.98118455631789,0.0887417003352874,0.0756649166230219,0.445137987030732,0.458214770742998
1.98747403109985,0.0911617725026412,0.0734385627919305,0.442717914863378,0.460441124574089
1.99376350588181,0.0936096576625589,0.0712428262594042,0.440270029703461,0.462636861106615
2.00005298066377,0.0960849684913471,0.0690780544521922,0.437794718874672,0.464801632913827
2.00634245544573,0.0985873133258068,0.0669445898975608,0.435292374040213,0.466935097468459
2.0126319302277,0.101116296225206,0.0648427701690956,0.432763391140814,0.469036917196924
2.01892140500966,0.103671517033926,0.0627729278332887,0.430208170332094,0.471106759532731
2.02521087979162,0.106252571444782,0.0607353903969165,0.427627115921238,0.473144296969103
2.03150035457358,0.10885905106299,0.0587304802552199,0.425020636303029,0.4751492071108
2.03778982935554,0.111490543470793,0.0567585146408916,0.422389143895227,0.477121172725128
2.0440793041375,0.114146632292709,0.0548198055738815,0.41973305507331,0.479059881792138
2.05036877891946,0.116826897261421,0.0529146598120264,0.417052790104599,0.480965027553993
2.05665825370143,0.119530914284268,0.0510433788025122,0.414348773081751,0.482836308563507
2.06294772848339,0.122258255510355,0.0492062586341768,0.411621431855665,0.484673428731843
2.06923720326535,0.125008489398245,0.0474035899906603,0.408871197967775,0.486476097375359
2.07552667804731,0.127781180784245,0.0456356581044108,0.406098506581775,0.488244029261609
2.08181615282927,0.130575890951259,0.0439027427115528,0.403303796414761,0.489976944654467
2.08810562761123,0.133392177698206,0.042205118007625,0.400487509667813,0.491674569358395
2.0943951023932,0.136229595409989,0.0405430526041955,0.397650091956031,0.493336634761824
2.10068457717516,0.139087695128002,0.0389168094863585,0.394791992238018,0.494962877879661
2.10697405195712,0.141966024621168,0.0373266459711247,0.391913662744851,0.496553041394895
2.11326352673908,0.1448641284575,0.0357728136667047,0.38901555890852,0.498106873699315
2.11955300152104,0.147781548076152,0.0342555584326994,0.386098139289867,0.49962412893332
2.125842476303,0.150717821859988,0.032775120341196,0.383161865506031,0.501104567024824
2.13213195108496,0.153672485208615,0.0313317336387842,0.380207202157405,0.502547953727235
2.13842142586693,0.156645070611897,0.0299256267094898,0.377234616754123,0.50395406065653
2.14471090064889,0.159635107723931,0.0285570220386398,0.374244579642088,0.50532266532738
2.15100037543085,0.162642123437468,0.0272261361776573,0.371237563928552,0.506653551188362
2.15728985021281,0.165665641958767,0.0259331797097984,0.368214045407253,0.507946507656221
2.16357932499477,0.168705184882885,0.0246783572168316,0.365174502483134,0.509201330149188
2.16986879977673,0.171760271269374,0.0234618672466667,0.362119416096646,0.510417820119353
2.1761582745587,0.174830417718371,0.0222839022819398,0.359049269647649,0.51159578508408
2.18244774934066,0.177915138447096,0.0211446487095567,0.355964548918923,0.512735038656463
2.18873722412262,0.181013945366711,0.0200442867912016,0.352865741999309,0.513835400574818
2.19502669890458,0.184126348159547,0.0189829906348142,0.349753339206473,0.514896696731205
2.20131617368654,0.187251854356691,0.0179609281670417,0.346627833009329,0.515918759198978
2.2076056484685,0.190389969415906,0.0169782611066673,0.343489717950114,0.516901426259352
2.21389512325046,0.19354019679988,0.0160351449390226,0.340339490566139,0.517844542426997
2.22018459803243,0.196702038054796,0.0151317288913845,0.337177649311223,0.518747958474635
2.22647407281439,0.199874992889196,0.0142681559093644,0.334004694476824,0.519611531456655
2.23276354759635,0.203058559253145,0.0134445626342893,0.330821128112875,0.52043512473173
2.23905302237831,0.206252233417668,0.012661079381582,0.327627453948352,0.521218607984438
2.24534249716027,0.209455510054455,0.0119178301201409,0.324424177311565,0.521961857245879
2.25163197194223,0.212667882315815,0.0112149324527254,0.321211805050204,0.522664754913294
2.2579214467242,0.215888841914878,0.0105524975973472,0.317990845451141,0.523327189768672
2.26421092150616,0.219117879206016,0.00993063036967295,0.314761808160003,0.523949056996347
2.27050039628812,0.222354483265486,0.00934942916643934,0.311525204100534,0.52453025819958
2.27678987107008,0.22559814197227,0.00880898594988385,0.308281545393749,0.525070701416136
2.28307934585204,0.228848342089109,0.00830938623319405,0.305031345276911,0.525570301132826
2.289368820634,0.23210456934371,0.0078507090669769,0.301775118022309,0.526028978299042
2.29565829541597,0.235366308510119,0.00743302702675053,0.2985133788559,0.526446660339269
2.30194777019793,0.238633043490245,0.00705640620146125,0.295246643875775,0.526823281164558
2.30823724497989,0.241904257395517,0.00672090618302578,0.291975429970503,0.527158781182994
2.31452671976185,0.245179432628676,0.00642658005690281,0.288700254737344,0.527453107309117
2.32081619454381,0.248458050965669,0.00617347439369299,0.285421636400351,0.527706212972327
2.32710566932577,0.251739593637648,0.00596162924177032,0.282140093728371,0.527918058124249
2.33339514410773,0.255023541413056,0.0057910781209452,0.278856145952964,0.528088609245074
2.3396846188897,0.258309374679777,0.00566184801716097,0.275570312686243,0.528217839348859
2.34597409367166,0.261596573527362,0.00557395937822364,0.272283113838658,0.528305727987796
2.35226356845362,0.264884617829286,0.00552742611056688,0.268995069536734,0.528352261255453
2.35855304323558,0.268172987325252,0.00552225557705108,0.265706700040768,0.528357431788968
2.36484251801754,0.271461161703506,0.00555844859579894,0.262418525662513,0.528321238770221
2.3711319927995,0.27474862068317,0.00563599944006554,0.25913106668285,0.528243687925954
2.37742146758147,0.278034844096558,0.00575489583914486,0.255844843269461,0.528124791526875
2.38371094236343,0.281319311971489,0.00591511898031096,0.252560375394531,0.527964568385708
2.39000041714539,0.284601504613554,0.00611664351179502,0.249278182752466,0.527763043854224
2.39628989192735,0.287880902688351,0.00635943754679645,0.245998784677668,0.527520249819223
2.40257936670931,0.291156987303657,0.00664346266852841,0.242722700062363,0.527236224697491
2.40886884149127,0.294429240091528,0.0069686739362965,0.239450447274491,0.526911013429723
2.41515831627323,0.297697143290325,0.00733501989260928,0.236182544075694,0.52654466747341
2.4214477910552,0.300960179826635,0.00774244257132067,0.232919507539385,0.526137244794699
2.42773726583716,0.304217833397083,0.00819087750680157,0.229661853968937,0.525688809859218
2.43402674061912,0.307469588550034,0.00868025374414037,0.226410098815985,0.525199433621879
2.44031621540108,0.310714930767145,0.00921049385036954,0.223164756598875,0.52466919351565
2.44660569018304,0.313953346544778,0.00978151392671827,0.219926340821241,0.524098173439301
2.452895164965,0.317184323475252,0.0103932236218871,0.216695363890768,0.523486463744133
2.45918463974697,0.320407350327917,0.0110455261463442,0.213472337038102,0.522834161219675
2.46547411452893,0.32362191713005,0.0117383182876403,0.210257770235969,0.522141369078379
2.47176358931089,0.326827515247542,0.0124714904267397,0.207052172118478,0.52140819693928
2.47805306409285,0.330023637465379,0.0132449265553648,0.203856049900641,0.520634760810655
2.48434253887481,0.333209778067901,0.0140585042943524,0.200669909298119,0.519821183071667
2.49063201365677,0.336385432918817,0.0149120949130169,0.197494254447203,0.518967592453003
2.49692148843873,0.339550099540973,0.0158055633495192,0.194329587825047,0.5180741240165
2.5032109632207,0.342703277195861,0.016738768232238,0.191176410170158,0.517140919133782
2.50950043800266,0.345844466962847,0.0177115619021372,0.188035220403172,0.516168125463882
2.51578991278462,0.348973171818117,0.0187237904361318,0.184906515547903,0.515155896929888
2.52207938756658,0.352088896713314,0.0197752936714403,0.181790790652706,0.514104393694579
2.52836886234854,0.355191148653876,0.0208659052309295,0.178688538712143,0.51301378213509
2.5346583371305,0.358279436777039,0.0219954525494378,0.175600250588981,0.511884234816582
2.54094781191247,0.361353272429501,0.0231637569010813,0.172526414936519,0.510715930464938
2.54723728669443,0.364412169244746,0.0243706334275325,0.169467518121273,0.509509053938487
2.55352676147639,0.367455643219999,0.0256158911672702,0.166424044146021,0.508263796198749
2.55981623625835,0.370483212792806,0.0268993330857952,0.163396474573213,0.506980354280224
2.56610571104031,0.373494398917236,0.0282207561068058,0.160385288448784,0.505658931259214
2.57239518582227,0.376488725139674,0.0295799511443319,0.157390962226345,0.504299736221688
2.57868466060423,0.379465717674213,0.0309767031358157,0.154413969691806,0.502902984230204
2.5849741353862,0.382424905477619,0.0324107910761432,0.151454781888401,0.501468896289876
2.59126361016816,0.385365820323861,0.0338819880526112,0.148513867042159,0.499997699313408
2.59755308495012,0.388287996878201,0.0353900612808331,0.145591690487818,0.498489626085186
2.60384255973208,0.391190972770822,0.0369347721415699,0.142688714595197,0.49694491522445
2.61013203451404,0.394074288669986,0.0385158762184884,0.139805398696034,0.495363811147531
2.616421509296,0.396937488354713,0.0401331233368332,0.136942199011307,0.493746564029186
2.62271098407797,0.399780118786971,0.041786257603012,0.134099568579048,0.492093429763008
2.62900045885993,0.402601730183357,0.0434750174450851,0.131277957182662,0.490404669920935
2.63528993364189,0.405401876086266,0.045199135654153,0.128477811279753,0.488680551711867
2.64157940842385,0.408180113434531,0.0469583394266371,0.125699573931488,0.486921347939383
2.64786888320581,0.410936002633531,0.0487523504074432,0.122943684732489,0.485127336958576
2.65415835798777,0.413669107624744,0.0505808847340075,0.120210579741276,0.483298802632012
2.66044783276973,0.416378995954745,0.0524436530812089,0.117500691411274,0.481436034284811
2.6667373075517,0.419065238843635,0.0543403607071507,0.114814448522384,0.479539326658869
2.67302678233366,0.42172741125288,0.0562707074997948,0.11215227611314,0.477608979866225
2.67931625711562,0.424365091952568,0.0582343880244501,0.109514595413452,0.475645299341569
2.68560573189758,0.426977863588059,0.0602310915720983,0.106901823777961,0.473648595793921
2.69189520667954,0.42956531274602,0.0622605022085589,0.104314374619999,0.471619185157461
2.6981846814615,0.432127030019843,0.0643222988244775,0.101752657346176,0.469557388541542
2.70447415624347,0.434662610074419,0.0664161551861348,0.0992170772916003,0.467463532179885
2.71076363102543,0.437171651710277,0.0685417399870655,0.0967080356557424,0.465337947378954
2.71705310580739,0.439653757927064,0.0706987169004806,0.0942259294389559,0.463180970465539
2.72334258058935,0.44210853598636,0.0728867446324835,0.0917711513796597,0.460992942733536
2.72963205537131,0.444535597473823,0.0751054769760723,0.089344089892196,0.458774210389947
2.73592153015327,0.446934558360647,0.0773545628659193,0.0869451290053726,0.4565251245001
2.74221100493523,0.449305039064321,0.0796336464339188,0.0845746483016989,0.454246040932101
2.7485004797172,0.451646664508695,0.081942367065497,0.0822330228573243,0.451937320300523
2.75478995449916,0.453959064183327,0.0842803594566691,0.0799206231826925,0.44959932790935
2.76107942928112,0.456241872202105,0.0866472536718424,0.0776378151639149,0.447232433694177
2.76736890406308,0.458494727361141,0.0890426752023494,0.0753849600048779,0.44483701216367
2.77365837884504,0.460717273195929,0.0914662450257058,0.0731624141700902,0.442413442340314
2.779947853627,0.462909158037739,0.0939175796655826,0.0709705293282803,0.439962107700437
2.78623732840897,0.465070035069267,0.0963962912524823,0.0688096522967523,0.437483396113537
2.79252680319093,0.467199562379509,0.0989019875851112,0.0666801249865105,0.434977699780908
2.79881627797289,0.469297403017861,0.101434272192436,0.0645822843481587,0.432445415173583
2.80510575275485,0.471363225047434,0.103992744396418,0.0625164623185858,0.429886942969601
2.81139522753681,0.473396701597576,0.106576999375409,0.0604829857684438,0.427302687990611
2.81768470231877,0.475397510915591,0.109186628228207,0.0584821764504281,0.424693059137812
2.82397417710074,0.477365336417653,0.111821218038757,0.0565143509483666,0.422058469327262
2.8302636518827,0.479299866738891,0.114480351941483,0.0545798206271286,0.419399335424537
2.83655312666466,0.481200795782664,0.11716360918725,0.0526788915833559,0.41671607817877
2.84284260144662,0.483067822768987,0.119870565209936,0.0508118645970328,0.414009122156084
2.84913207622858,0.484900652282128,0.122600791693613,0.0489790350838916,0.411278895672406
2.85542155101054,0.486698994317348,0.125353856640318,0.0471806930486712,0.408525830725701
2.8617110257925,0.48846256432679,0.128129324438405,0.0454171230392297,0.405750362927615
2.86800050057447,0.490191083264499,0.130926755931471,0.043688604101521,0.402952931434549
2.87428997535643,0.491884277630577,0.133745708487846,0.0419954097354422,0.400133978878173
2.88057945013839,0.493541879514462,0.136585736070628,0.0403378078515579,0.397293951295392
2.88686892492035,0.49516362663731,0.139446389308255,0.0387160607287097,0.394433298057764
2.89315839970231,0.496749262393504,0.142327215565616,0.0371304249725158,0.391552471800404
2.89944787448427,0.49829853589125,0.14522775901566,0.03558115147477,0.388651928350359
2.90573734926624,0.499811201992278,0.148147560711532,0.0340684853737417,0.385732126654487
2.9120268240482,0.501287021350629,0.151086158659182,0.0325926660153904,0.382793528706838
2.91831629883016,0.502725760450527,0.154043087890469,0.0311539269154925,0.37983659947555
2.92460577361212,0.504127191643325,0.157017880536734,0.0297524957226943,0.376861806829286
2.93089524839408,0.505491093183529,0.160010065902824,0.0283885941824901,0.373869621463195
2.93718472317604,0.506817249263882,0.163019170541576,0.0270624381021373,0.370860516824443
2.943474197958,0.508105450049511,0.166044718328725,0.0257742373165085,0.367834969037295
2.94976367273997,0.509355491711129,0.169086230538241,0.0245241956548905,0.364793456827778
2.95605314752193,0.510567176457287,0.172143225918078,0.0233125109087324,0.361736461447942
2.96234262230389,0.51174031256567,0.17521522076632,0.0221393748003498,0.358664466599699
2.96863209708585,0.51287471441343,0.178301729007717,0.0210049729525891,0.355577958358302
2.97492157186781,0.513970202506564,0.181402262270596,0.0199094848594558,0.352477425095423
2.98121104664977,0.515026603508304,0.184516329964134,0.0188530838577152,0.349363357401885
2.98750052143174,0.516043750266556,0.187643439355984,0.0178359370994639,0.346236248010035
2.9937899962137,0.517021481840336,0.190783095650238,0.0168582055256833,0.343096591715782
3.00007947099566,0.517959643525247,0.193934802065719,0.0159200438407728,0.339944885300301
3.00636894577762,0.518858086877947,0.197098059914583,0.0150216004880727,0.336781627451436
3.01265842055958,0.519716669739645,0.200272368681231,0.0141630176263748,0.333607318684788
3.01894789534154,0.520535256258589,0.203457226101496,0.0133444311074304,0.330422461264524
3.0252373701235,0.521313716911566,0.206652128242123,0.0125659704544532,0.327227559123896
3.03152684490547,0.522051928524393,0.209856569580501,0.0118277588416269,0.324023117785518
3.03781631968743,0.522749774291405,0.213070043084652,0.0111299130746141,0.320809644281368
3.04410579446939,0.523407143793944,0.216292040293457,0.010472543572075,0.317587647072563
3.05039526925135,0.524023933017823,0.21952205139711,0.00985575434819632,0.31435763596891
3.05668474403331,0.524600044369787,0.222759565317784,0.00927964299623275,0.311120122048236
3.06297421881527,0.525135386692954,0.226004069790494,0.0087443006730656,0.307875617575525
3.06926369359724,0.525629875281241,0.22925505144416,0.00824981208477863,0.304624635921859
3.0755531683792,0.526083431892764,0.232511995882826,0.00779625547325589,0.301367691483193
3.08184264316116,0.526495984762219,0.235774387767061,0.00738370260380096,0.298105299598958
3.08813211794312,0.526867468612237,0.239041710895494,0.00701221875378215,0.294837976470525
3.09442159272508,0.527197824663716,0.242313448286494,0.00668186270230372,0.291566239079525
3.10071106750704,0.527487000645114,0.245589082259971,0.00639268672090518,0.288290605106048
3.107000542289,0.527734950800729,0.248868094519288,0.00614473656529062,0.285011592846732
3.11329001707097,0.52794163589793,0.252149966233266,0.00593805146808906,0.281729721132754
3.11957949185293,0.528107023233373,0.255434178118284,0.0057726641326464,0.278445509247736
3.12586896663489,0.528231086638169,0.258720210520438,0.00564860072785097,0.275159476845582
3.13215844141685,0.528313806482026,0.262007543497769,0.00556588088399311,0.271872143868251
3.13844791619881,0.528355169676361,0.26529565690253,0.00552451768965879,0.268584030463489
3.14473739098077,0.528355169676361,0.268584030463489,0.00552451768965879,0.26529565690253
3.15102686576274,0.528313806482026,0.271872143868251,0.00556588088399311,0.262007543497769
3.1573163405447,0.528231086638169,0.275159476845582,0.00564860072785097,0.258720210520438
3.16360581532666,0.528107023233373,0.278445509247736,0.00577266413264635,0.255434178118284
3.16989529010862,0.52794163589793,0.281729721132753,0.00593805146808906,0.252149966233266
3.17618476489058,0.527734950800729,0.285011592846732,0.00614473656529062,0.248868094519288
3.18247423967254,0.527487000645114,0.288290605106048,0.00639268672090518,0.245589082259971
3.1887637144545,0.527197824663716,0.291566239079525,0.00668186270230372,0.242313448286494
3.19505318923647,0.526867468612237,0.294837976470525,0.00701221875378215,0.239041710895494
3.20134266401843,0.526495984762219,0.298105299598958,0.0073837026038009,0.235774387767062
3.20763213880039,0.526083431892764,0.301367691483193,0.00779625547325583,0.232511995882827
3.21392161358235,0.525629875281241,0.304624635921859,0.00824981208477858,0.22925505144416
3.22021108836431,0.525135386692954,0.307875617575525,0.00874430067306549,0.226004069790495
3.22650056314627,0.524600044369787,0.311120122048236,0.00927964299623275,0.222759565317784
3.23279003792824,0.524023933017823,0.31435763596891,0.00985575434819632,0.21952205139711
3.2390795127102,0.523407143793944,0.317587647072563,0.010472543572075,0.216292040293457
3.24536898749216,0.522749774291405,0.320809644281368,0.0111299130746141,0.213070043084652
3.25165846227412,0.522051928524393,0.324023117785518,0.0118277588416269,0.209856569580501
3.25794793705608,0.521313716911566,0.327227559123896,0.0125659704544532,0.206652128242123
3.26423741183804,0.520535256258589,0.330422461264523,0.0133444311074302,0.203457226101496
3.27052688662,0.519716669739645,0.333607318684788,0.0141630176263748,0.200272368681231
3.27681636140197,0.518858086877947,0.336781627451436,0.0150216004880726,0.197098059914584
3.28310583618393,0.517959643525247,0.339944885300301,0.0159200438407728,0.193934802065719
3.28939531096589,0.517021481840336,0.343096591715781,0.0168582055256832,0.190783095650238
3.29568478574785,0.516043750266556,0.346236248010035,0.0178359370994639,0.187643439355984
3.30197426052981,0.515026603508304,0.349363357401885,0.0188530838577151,0.184516329964135
3.30826373531177,0.513970202506564,0.352477425095423,0.0199094848594558,0.181402262270596
3.31455321009374,0.512874714413431,0.355577958358302,0.021004972952589,0.178301729007717
3.3208426848757,0.51174031256567,0.3586644665997,0.0221393748003498,0.17521522076632
3.32713215965766,0.510567176457287,0.361736461447941,0.0233125109087323,0.172143225918078
3.33342163443962,0.509355491711129,0.364793456827778,0.0245241956548904,0.169086230538241
3.33971110922158,0.508105450049511,0.367834969037294,0.0257742373165084,0.166044718328725
3.34600058400354,0.506817249263882,0.370860516824443,0.0270624381021372,0.163019170541576
3.3522900587855,0.505491093183529,0.373869621463195,0.0283885941824901,0.160010065902824
3.35857953356747,0.504127191643325,0.376861806829286,0.0297524957226941,0.157017880536734
3.36486900834943,0.502725760450527,0.37983659947555,0.0311539269154925,0.154043087890469
3.37115848313139,0.501287021350629,0.382793528706837,0.0325926660153902,0.151086158659182
3.37744795791335,0.499811201992278,0.385732126654487,0.0340684853737417,0.148147560711532
3.38373743269531,0.49829853589125,0.388651928350359,0.0355811514747698,0.145227759015661
3.39002690747727,0.496749262393504,0.391552471800404,0.0371304249725158,0.142327215565616
3.39631638225924,0.49516362663731,0.394433298057764,0.0387160607287095,0.139446389308256
3.4026058570412,0.493541879514462,0.397293951295392,0.0403378078515579,0.136585736070628
3.40889533182316,0.491884277630578,0.400133978878173,0.041995409735442,0.133745708487847
3.41518480660512,0.490191083264499,0.402952931434548,0.043688604101521,0.130926755931471
3.42147428138708,0.48846256432679,0.405750362927615,0.0454171230392298,0.128129324438405
3.42776375616904,0.486698994317348,0.408525830725701,0.0471806930486711,0.125353856640319
3.43405323095101,0.484900652282128,0.411278895672406,0.0489790350838917,0.122600791693613
3.44034270573297,0.483067822768987,0.414009122156084,0.0508118645970327,0.119870565209936
3.44663218051493,0.481200795782664,0.41671607817877,0.052678891583356,0.11716360918725
3.45292165529689,0.479299866738891,0.419399335424536,0.0545798206271283,0.114480351941483
3.45921113007885,0.477365336417653,0.422058469327262,0.0565143509483667,0.111821218038757
3.46550060486081,0.475397510915592,0.424693059137812,0.0584821764504279,0.109186628228208
3.47179007964277,0.473396701597576,0.42730268799061,0.0604829857684437,0.106576999375409
3.47807955442474,0.471363225047434,0.429886942969601,0.0625164623185855,0.103992744396418
3.4843690292067,0.469297403017861,0.432445415173583,0.0645822843481586,0.101434272192436
3.49065850398866,0.467199562379509,0.434977699780908,0.0666801249865104,0.0989019875851114
3.49694797877062,0.465070035069267,0.437483396113537,0.0688096522967522,0.0963962912524824
3.50323745355258,0.462909158037739,0.439962107700437,0.0709705293282802,0.0939175796655826
3.50952692833454,0.460717273195929,0.442413442340314,0.0731624141700901,0.0914662450257059
3.51581640311651,0.458494727361141,0.44483701216367,0.075384960004878,0.0890426752023493
3.52210587789847,0.456241872202105,0.447232433694177,0.0776378151639148,0.0866472536718425
3.52839535268043,0.453959064183327,0.449599327909351,0.0799206231826926,0.084280359456669
3.53468482746239,0.451646664508695,0.451937320300523,0.0822330228573242,0.081942367065497
3.54097430224435,0.449305039064321,0.454246040932101,0.0845746483016988,0.0796336464339188
3.54726377702631,0.446934558360647,0.4565251245001,0.0869451290053725,0.0773545628659194
3.55355325180827,0.444535597473824,0.458774210389947,0.0893440898921959,0.0751054769760724
3.55984272659024,0.44210853598636,0.460992942733536,0.0917711513796596,0.0728867446324836
3.5661322013722,0.439653757927064,0.463180970465539,0.0942259294389558,0.0706987169004807
3.57242167615416,0.437171651710277,0.465337947378954,0.0967080356557423,0.0685417399870656
3.57871115093612,0.434662610074419,0.467463532179885,0.0992170772916002,0.0664161551861348
3.58500062571808,0.432127030019843,0.469557388541542,0.101752657346176,0.0643222988244776
3.59129010050004,0.429565312746021,0.471619185157461,0.104314374619999,0.062260502208559
3.59757957528201,0.426977863588059,0.473648595793921,0.106901823777961,0.0602310915720984
3.60386905006397,0.424365091952568,0.475645299341569,0.109514595413451,0.0582343880244501
3.61015852484593,0.42172741125288,0.477608979866225,0.112152276113139,0.056270707499795
3.61644799962789,0.419065238843635,0.479539326658869,0.114814448522384,0.0543403607071507
3.62273747440985,0.416378995954746,0.481436034284811,0.117500691411274,0.0524436530812089
3.62902694919181,0.413669107624744,0.483298802632012,0.120210579741276,0.0505808847340074
3.63531642397377,0.410936002633531,0.485127336958576,0.122943684732489,0.0487523504074433
3.64160589875574,0.408180113434531,0.486921347939383,0.125699573931488,0.046958339426637
3.6478953735377,0.405401876086266,0.488680551711866,0.128477811279753,0.0451991356541531
3.65418484831966,0.402601730183357,0.490404669920935,0.131277957182662,0.0434750174450851
3.66047432310162,0.399780118786971,0.492093429763007,0.134099568579048,0.0417862576030121
3.66676379788358,0.396937488354713,0.493746564029186,0.136942199011307,0.0401331233368332
3.67305327266554,0.394074288669986,0.495363811147531,0.139805398696034,0.0385158762184885
3.67934274744751,0.391190972770822,0.49694491522445,0.142688714595197,0.03693477214157
3.68563222222947,0.388287996878202,0.498489626085186,0.145591690487818,0.0353900612808331
3.69192169701143,0.385365820323861,0.499997699313408,0.148513867042158,0.0338819880526114
3.69821117179339,0.382424905477619,0.501468896289876,0.151454781888401,0.0324107910761432
3.70450064657535,0.379465717674214,0.502902984230204,0.154413969691806,0.0309767031358159
3.71079012135731,0.376488725139674,0.504299736221688,0.157390962226345,0.0295799511443318
3.71707959613927,0.373494398917236,0.505658931259214,0.160385288448783,0.0282207561068059
3.72336907092124,0.370483212792806,0.506980354280224,0.163396474573213,0.0268993330857951
3.7296585457032,0.367455643219999,0.508263796198749,0.166424044146021,0.0256158911672702
3.73594802048516,0.364412169244746,0.509509053938487,0.169467518121273,0.0243706334275325
3.74223749526712,0.361353272429501,0.510715930464938,0.172526414936518,0.0231637569010814
3.74852697004908,0.358279436777039,0.511884234816582,0.17560025058898,0.0219954525494379
3.75481644483104,0.355191148653877,0.51301378213509,0.178688538712143,0.0208659052309296
3.76110591961301,0.352088896713314,0.514104393694579,0.181790790652706,0.0197752936714404
3.76739539439497,0.348973171818116,0.515155896929888,0.184906515547903,0.0187237904361318
3.77368486917693,0.345844466962848,0.516168125463882,0.188035220403172,0.0177115619021374
3.77997434395889,0.342703277195861,0.517140919133782,0.191176410170158,0.0167387682322379
3.78626381874085,0.339550099540973,0.5180741240165,0.194329587825046,0.0158055633495193
3.79255329352281,0.336385432918817,0.518967592453003,0.197494254447203,0.0149120949130169
3.79884276830477,0.333209778067901,0.519821183071667,0.200669909298118,0.0140585042943525
3.80513224308674,0.330023637465379,0.520634760810655,0.203856049900641,0.0132449265553649
3.8114217178687,0.326827515247542,0.52140819693928,0.207052172118478,0.0124714904267397
3.81771119265066,0.32362191713005,0.522141369078379,0.210257770235969,0.0117383182876404
3.82400066743262,0.320407350327917,0.522834161219675,0.213472337038102,0.0110455261463442
3.83029014221458,0.317184323475252,0.523486463744133,0.216695363890768,0.0103932236218871
3.83657961699654,0.313953346544778,0.524098173439301,0.219926340821241,0.00978151392671822
3.84286909177851,0.310714930767145,0.52466919351565,0.223164756598874,0.00921049385036959
3.84915856656047,0.307469588550034,0.525199433621879,0.226410098815985,0.00868025374414037
3.85544804134243,0.304217833397083,0.525688809859218,0.229661853968936,0.00819087750680162
3.86173751612439,0.300960179826635,0.526137244794699,0.232919507539385,0.00774244257132067
3.86802699090635,0.297697143290326,0.52654466747341,0.236182544075694,0.00733501989260928
3.87431646568831,0.294429240091528,0.526911013429723,0.239450447274491,0.0069686739362965
3.88060594047027,0.291156987303657,0.527236224697491,0.242722700062363,0.00664346266852846
3.88689541525224,0.287880902688351,0.527520249819223,0.245998784677668,0.00635943754679645
3.8931848900342,0.284601504613554,0.527763043854224,0.249278182752465,0.00611664351179502
3.89947436481616,0.281319311971489,0.527964568385708,0.252560375394531,0.00591511898031096
3.90576383959812,0.278034844096558,0.528124791526875,0.255844843269461,0.00575489583914486
3.91205331438008,0.27474862068317,0.528243687925954,0.25913106668285,0.00563599944006559
3.91834278916204,0.271461161703506,0.528321238770221,0.262418525662513,0.00555844859579894
3.92463226394401,0.268172987325252,0.528357431788968,0.265706700040768,0.00552225557705108
3.93092173872597,0.264884617829286,0.528352261255453,0.268995069536734,0.00552742611056688
3.93721121350793,0.261596573527362,0.528305727987796,0.272283113838658,0.00557395937822364
3.94350068828989,0.258309374679777,0.528217839348859,0.275570312686243,0.00566184801716097
3.94979016307185,0.255023541413056,0.528088609245074,0.278856145952964,0.0057910781209452
3.95607963785381,0.251739593637649,0.527918058124249,0.282140093728371,0.00596162924177032
3.96236911263578,0.248458050965669,0.527706212972327,0.285421636400351,0.00617347439369299
3.96865858741774,0.245179432628676,0.527453107309117,0.288700254737344,0.00642658005690281
3.9749480621997,0.241904257395517,0.527158781182994,0.291975429970502,0.00672090618302578
3.98123753698166,0.238633043490245,0.526823281164558,0.295246643875775,0.00705640620146119
3.98752701176362,0.23536630851012,0.526446660339269,0.2985133788559,0.00743302702675053
3.99381648654558,0.23210456934371,0.526028978299043,0.301775118022309,0.00785070906697685
4.00010596132754,0.228848342089109,0.525570301132826,0.30503134527691,0.00830938623319405
4.00639543610951,0.22559814197227,0.525070701416136,0.308281545393749,0.00880898594988385
4.01268491089147,0.222354483265486,0.52453025819958,0.311525204100533,0.00934942916643924
4.01897438567343,0.219117879206016,0.523949056996347,0.314761808160003,0.00993063036967295
4.02526386045539,0.215888841914878,0.523327189768672,0.317990845451141,0.0105524975973472
4.03155333523735,0.212667882315815,0.522664754913294,0.321211805050204,0.0112149324527254
4.03784281001931,0.209455510054455,0.521961857245879,0.324424177311564,0.0119178301201409
4.04413228480128,0.206252233417668,0.521218607984438,0.327627453948351,0.0126610793815819
4.05042175958324,0.203058559253145,0.52043512473173,0.330821128112874,0.0134445626342892
4.0567112343652,0.199874992889196,0.519611531456655,0.334004694476824,0.0142681559093643
4.06300070914716,0.196702038054796,0.518747958474635,0.337177649311223,0.0151317288913844
4.06929018392912,0.193540196799881,0.517844542426997,0.340339490566139,0.0160351449390225
4.07557965871108,0.190389969415906,0.516901426259352,0.343489717950113,0.0169782611066672
4.08186913349304,0.187251854356691,0.515918759198978,0.346627833009328,0.0179609281670416
4.08815860827501,0.184126348159547,0.514896696731206,0.349753339206472,0.0189829906348141
4.09444808305697,0.181013945366711,0.513835400574818,0.352865741999309,0.0200442867912014
4.10073755783893,0.177915138447097,0.512735038656463,0.355964548918923,0.0211446487095565
4.10702703262089,0.174830417718371,0.51159578508408,0.359049269647649,0.0222839022819399
4.11331650740285,0.171760271269373,0.510417820119353,0.362119416096646,0.0234618672466667
4.11960598218481,0.168705184882886,0.509201330149188,0.365174502483134,0.0246783572168315
4.12589545696678,0.165665641958767,0.507946507656221,0.368214045407253,0.0259331797097984
4.13218493174874,0.162642123437467,0.506653551188362,0.371237563928552,0.0272261361776573
4.1384744065307,0.159635107723932,0.50532266532738,0.374244579642088,0.0285570220386396
4.14476388131266,0.156645070611897,0.50395406065653,0.377234616754122,0.0299256267094897
4.15105335609462,0.153672485208615,0.502547953727236,0.380207202157405,0.031331733638784
4.15734283087658,0.150717821859988,0.501104567024824,0.383161865506031,0.032775120341196
4.16363230565854,0.147781548076152,0.49962412893332,0.386098139289867,0.0342555584326992
4.16992178044051,0.1448641284575,0.498106873699315,0.389015558908519,0.0357728136667046
4.17621125522247,0.141966024621168,0.496553041394895,0.391913662744851,0.0373266459711248
4.18250073000443,0.139087695128002,0.494962877879661,0.394791992238018,0.0389168094863585
4.18879020478639,0.136229595409989,0.493336634761824,0.39765009195603,0.0405430526041953
4.19507967956835,0.133392177698207,0.491674569358395,0.400487509667813,0.0422051180076249
4.20136915435031,0.130575890951259,0.489976944654467,0.403303796414761,0.0439027427115529
4.20765862913228,0.127781180784245,0.488244029261609,0.406098506581775,0.0456356581044108
4.21394810391424,0.125008489398245,0.486476097375359,0.408871197967774,0.0474035899906601
4.2202375786962,0.122258255510355,0.484673428731843,0.411621431855665,0.0492062586341768
4.22652705347816,0.119530914284268,0.482836308563507,0.414348773081751,0.0510433788025122
4.23281652826012,0.116826897261421,0.480965027553993,0.417052790104599,0.0529146598120262
4.23910600304208,0.11414663229271,0.479059881792138,0.41973305507331,0.0548198055738811
4.24539547782405,0.111490543470793,0.477121172725128,0.422389143895227,0.0567585146408916
4.25168495260601,0.10885905106299,0.4751492071108,0.425020636303029,0.0587304802552198
4.25797442738797,0.106252571444782,0.473144296969103,0.427627115921238,0.0607353903969163
4.26426390216993,0.103671517033926,0.471106759532731,0.430208170332093,0.0627729278332883
4.27055337695189,0.101116296225205,0.469036917196924,0.432763391140814,0.0648427701690957
4.27684285173385,0.0985873133258069,0.466935097468459,0.435292374040213,0.0669445898975607
4.28313232651581,0.0960849684913474,0.464801632913828,0.437794718874672,0.069078054452192
4.28942180129777,0.0936096576625593,0.462636861106616,0.44027002970346,0.0712428262594038
4.29571127607974,0.0911617725026411,0.460441124574089,0.442717914863378,0.0734385627919306
4.3020007508617,0.0887417003352875,0.458214770742998,0.445137987030732,0.0756649166230218
4.30829022564366,0.0863498240834001,0.455958151884601,0.447529863282619,0.0779215354814186
4.31457970042562,0.0839865222085008,0.453671625058929,0.449893165157519,0.0802080623070906
4.32086917520758,0.0816521686508498,0.451355552058288,0.45222751871517,0.0825241353077313
4.32715864998954,0.0793471327702745,0.449010299350013,0.454532554595745,0.0848693880160071
4.33344812477151,0.0770717792877288,0.446636238018479,0.456807908078291,0.0872434493475404
4.33973759955347,0.074826468227583,0.444233743706393,0.459053219138436,0.0896459436596268
4.34602707433543,0.0726115548606603,0.44180319655535,0.461268132505359,0.0920764908106695
4.35231654911739,0.0704273896480192,0.439344981145687,0.463452297718,0.0945347062203321
4.35860602389935,0.0682743181855033,0.436859486435632,0.465605369180516,0.0970202009303877
4.36489549868131,0.0661526811490576,0.434347105699755,0.467727006216962,0.099532581666264
4.37118497346328,0.0640628142408258,0.431808236466752,0.469816873125194,0.102071450899268
4.37747444824524,0.0620050481360296,0.429243280456531,0.47187463922999,0.104636406909488
4.3837639230272,0.059979708430649,0.42665264351666,0.473899978935371,0.10722704384936
4.39005339780916,0.0579871155899037,0.424036735558144,0.475892571776116,0.109842951807876
4.39634287259112,0.0560275848975464,0.421395970490569,0.477852102468473,0.112483716875451
4.40263234737308,0.0541014264059752,0.418730766156608,0.479778260960044,0.115148921209411
4.40892182215505,0.0522089448871754,0.416041544265908,0.481670742478844,0.117838143100112
4.41521129693701,0.0503504397844976,0.413328730328363,0.483529247581522,0.120550957037656
4.42150077171897,0.0485262051652743,0.410592753586788,0.485353482200745,0.123286933779231
4.42779024650093,0.0467365296742924,0.407834046948997,0.487143157691727,0.126045640417023
4.43407972128289,0.0449816964881206,0.405053046919308,0.488897990877899,0.128826640446712
4.44036919606485,0.0432619832703046,0.402250193529477,0.490617704095715,0.131629493836542
4.44665867084681,0.0415776621274307,0.399425930269071,0.492302025238589,0.134453757096949
4.45294814562878,0.0399289995660718,0.396580704015292,0.493950687799948,0.137298983350727
4.45923762041074,0.0383162564506197,0.393714964962277,0.4955634309154,0.140164722403743
4.4655270951927,0.0367396879620079,0.390829166549856,0.497139999404012,0.143050520816164
4.47181656997466,0.035199543557335,0.387923765391811,0.498680143808685,0.145955921974209
4.47810604475662,0.0336960669303936,0.384999221203624,0.500183620435626,0.148880466162396
4.48439551953858,0.0322294959731119,0.382055996729739,0.501650191392908,0.151823690636281
4.49068499432054,0.030800062737912,0.379094557670342,0.503079624628108,0.154785129695678
4.49697446910251,0.029407993400992,0.376115372607674,0.504471693965028,0.157764314758346
4.50326394388447,0.0280535082265402,0.373118912931888,0.505826179139479,0.160760774434131
4.50955341866643,0.0267368215318823,0.370105652766466,0.507142865834137,0.163774034599554
4.51584289344839,0.0254581416535698,0.36707606889319,0.50842154571245,0.16680361847283
4.52213236823035,0.0242176709144164,0.364030640676711,0.509662016451603,0.169849046689308
4.52842184301231,0.0230156055914845,0.360969849988699,0.510864081774535,0.17290983737732
4.53471131779428,0.021852135885029,0.357894181131593,0.512027551480991,0.175985506234427
4.54100079257624,0.0207274458884014,0.354804120761972,0.513152241477618,0.179075566604048
4.5472902673582,0.019641713558922,0.351700157813556,0.514237973807098,0.182179529552464
4.55357974214016,0.0185951106897218,0.348582783419839,0.515284576676298,0.18529690394618
4.55986921692212,0.0175878028825601,0.345452490836382,0.516291884483459,0.188427196529637
4.56615869170408,0.0166199495216214,0.342309775362761,0.517259737844398,0.191569912003258
4.57244816648605,0.0156917037482969,0.339155134264202,0.518187983617723,0.194724553101818
4.57873764126801,0.0148032124369525,0.335989066692895,0.519076474929067,0.197890620673125
4.58502711604997,0.0139546161716902,0.332812073609018,0.519925071194329,0.201067613757001
4.59131659083193,0.0131460492241027,0.329624657701471,0.520733638141917,0.204255029664549
4.59760606561389,0.0123776395320285,0.326427323308333,0.521502047833991,0.207452364057687
4.60389554039585,0.011649508679309,0.323220576337065,0.522230178686711,0.210659111028954
4.61018501517781,0.0109617718765492,0.320004924184462,0.52291791548947,0.213874763181558
4.61647448995978,0.0103145379428894,0.316780875656363,0.52356514942313,0.217098811709657
4.62276396474174,0.00970790928878653,0.313548940887151,0.524171778077233,0.220330746478868
4.6290534395237,0.00914198189981015,0.310309631259033,0.524737705466209,0.223570056106987
4.63534291430566,0.00861684532145423,0.30706345932112,0.525262842044565,0.226816228044899
4.64163238908762,0.0081325826449695,0.303810938708337,0.52574710472105,0.230068748657682
4.64792186386958,0.00768927049421521,0.300552584060143,0.526190416871804,0.233327103305877
4.65421133865155,0.00728697901353592,0.297288910939105,0.526592708352484,0.236590776426915
4.66050081343351,0.00692577185666186,0.29402043574932,0.526953915509358,0.2398592516167
4.66679028821547,0.00660570617663798,0.290747675654707,0.527273981189382,0.243132011711312
4.67307976299743,0.00632683261677998,0.287471148497178,0.52755285474924,0.246408538868842
4.67936923777939,0.00608919530266176,0.284191372714696,0.527790492063358,0.249688314651323
4.68565871256135,0.00589283183513296,0.280908867259249,0.527986855530887,0.25297082010677
4.69194818734332,0.00573777328436997,0.277624151514736,0.52814191408165,0.256255535851283
4.69823766212528,0.00562404418495944,0.274337745214785,0.52825564318106,0.259541942151235
4.70452713690724,0.00555166253201631,0.271050168360514,0.528328024834003,0.262829519005505
4.7108166116892,0.00552063977833647,0.267761941138261,0.528359047587683,0.266117746227759
4.71710608647116,0.00553098083258469,0.264473583837265,0.528348706533435,0.269406103528755
4.72339556125312,0.00558268405851779,0.26118561676735,0.528297003307502,0.27269407059867
4.72968503603508,0.00567574127524371,0.257898560176594,0.528203946090776,0.275981127189426
4.73597451081705,0.00581013775851561,0.254612934169012,0.528069549607504,0.279266753197008
4.74226398559901,0.0059858522430623,0.25132925862226,0.527893835122957,0.28255042874376
4.74855346038097,0.00620285692595231,0.248048053105378,0.527676830440067,0.285831634260642
4.75484293516293,0.00646111747099345,0.244769836796576,0.527418569895026,0.289109850569443
4.76113240994489,0.00676059301416567,0.241495128401092,0.527119094351854,0.292384558964928
4.76742188472685,0.00710123617008708,0.238224446069109,0.526778451195933,0.29565524129691
4.77371135950882,0.00748299303951126,0.23495830731378,0.526396694326508,0.29892138005224
4.78000083429078,0.00790580321785577,0.231697228929334,0.525973884148164,0.302182458436686
4.78629030907274,0.00836959980476021,0.228441726909308,0.525510087561259,0.305437960456712
4.7925797838547,0.00887430941467099,0.225192316364904,0.525005377951348,0.308687371001115
4.79886925863666,0.00941985218845388,0.221949511443484,0.524459835177566,0.311930175922536
4.80515873341862,0.010006141806029,0.218713825247213,0.52387354555999,0.315165862118807
4.81144820820058,0.0106330855000298,0.215485769751877,0.52324660186599,0.318393917614143
4.81773768298255,0.011300584070481,0.212265855725872,0.522579103295538,0.321613831640147
4.82402715776451,0.0120085319004954,0.209054592649387,0.521871155465524,0.324825094716632
4.83031663254647,0.0127568169729841,0.20585248863379,0.521122870393035,0.32802719873223
4.83660610732843,0.0135453208883826,0.202660050341227,0.520334366477637,0.331219637024792
4.84289558211039,0.0143739188833833,0.199477782904462,0.519505768482636,0.334401904461558
4.84918505689235,0.0152424798506771,0.196306189846942,0.518637207515342,0.337573497519078
4.85547453167431,0.0161508663596988,0.193145773003131,0.517728821006321,0.340733914362888
4.86176400645628,0.0170989346783716,0.189997032439105,0.516780752687648,0.343882654926915
4.86805348123824,0.0180865347958498,0.186860466373425,0.51579315257017,0.347019220992595
4.8743429560202,0.0191135104462548,0.183736571098309,0.514766176919765,0.35014311626771
4.88063243080216,0.0201796991334008,0.180625840901102,0.513699988232619,0.353253846464917
4.88692190558412,0.0212849321565061,0.177528767986065,0.512594755209513,0.356350919379954
4.89321138036608,0.0224290346368862,0.174445842396498,0.511450652729133,0.359433844969521
4.89950085514805,0.0236118255456242,0.1713775519372,0.510267861820395,0.362502135428819
4.90579032993001,0.0248331177322158,0.168324382097282,0.509046569633804,0.365555305268738
4.91207980471197,0.0260927179541802,0.165286815973352,0.507786969411839,0.368592871392668
4.91836927949393,0.0273904269076372,0.162265334193077,0.506489260458382,0.371614353172942
4.92465875427589,0.0287260392588431,0.159260414839131,0.505153648107177,0.374619272526888
4.93094822905785,0.0300993436766794,0.156272533373549,0.50378034368934,0.377607153992471
4.93723770383982,0.0315101228660914,0.153302162562499,0.502369564499928,0.380577524803521
4.94352717862178,0.0329581536024706,0.150349772401474,0.500921533763549,0.383529914964546
4.94981665340374,0.0344432067669753,0.147415830040927,0.499436480599044,0.386463857325092
4.9561061281857,0.035965047382783,0.144500799712355,0.497914639983237,0.389378887653664
4.96239560296766,0.0375234346522708,0.141605142654844,0.496356252713749,0.392274544711176
4.96868507774962,0.0391181219951154,0.138729317042087,0.494761565370904,0.395150370323932
4.97497455253158,0.0407488570873103,0.135873777909892,0.493130830278709,0.398005909456127
4.98126402731355,0.0424153819010903,0.133038977084177,0.491464305464929,0.400840710281843
4.98755350209551,0.0441174327457564,0.130225363109484,0.489762254620263,0.403654324256535
4.99384297687747,0.0458547403094027,0.127433381178004,0.488024947056617,0.406446306188016
5.00013245165943,0.0476270297015267,0.124663473059134,0.486252657664493,0.409216214306886
5.00642192644139,0.0494340204965246,0.12191607702958,0.484445666869495,0.41196361033644
5.01271140122335,0.0512754267780632,0.119191627804007,0.482604260587956,0.414688059562013
5.01900087600531,0.0531509571843199,0.116490556466256,0.4807287301817,0.417389130899764
5.02529035078728,0.0550603149540843,0.113813290401133,0.478819372411935,0.420066396964887
5.03157982556924,0.0570031979737129,0.111160253226788,0.476876489392307,0.422719434139232
5.0378693003512,0.058979298824933,0.108531864727684,0.474900388541087,0.425347822638335
5.04415877513316,0.0609883048334853,0.105928540788176,0.472891382532534,0.427951146577844
5.05044824991512,0.0630298981185971,0.103350693326706,0.470849789247422,0.430528994039313
5.05673772469708,0.0651037556432782,0.100798730230629,0.468775931722741,0.43308095713539
5.06302719947905,0.0672095492654376,0.0982730552916699,0.466670138100582,0.43560663207435
5.06931667426101,0.0693469457898028,0.0957740681420338,0.464532741576217,0.438105619223986
5.07560614904297,0.0715156070206413,0.0933021641911735,0.462364080345378,0.440577523174846
5.08189562382493,0.0737151898152703,0.0908577345632262,0.460164497550749,0.443021952802793
5.08818509860689,0.0759453461383554,0.0884411660351233,0.457934341227664,0.445438521330896
5.09447457338885,0.0782057231169771,0.0860528409753931,0.455673964249042,0.447826846390626
5.10076404817082,0.0804959630964646,0.083693137283661,0.453383724269555,0.450186550082359
5.10705352295278,0.0828157036969878,0.0813624283308531,0.451063983669032,0.452517259035166
5.11334299773474,0.0851645778708964,0.0790610829001192,0.448715109495123,0.4548186044659
5.1196324725167,0.0875422139607966,0.0767894651284805,0.446337473405223,0.457090222237539
5.12592194729866,0.0899482357583554,0.0745479344492155,0.443931451607664,0.459331752916804
5.13221142208062,0.0923822625638315,0.0723368455349838,0.441497424802188,0.461542841831036
5.13850089686258,0.0948439092463096,0.0701565482417095,0.43903577811971,0.46372313912431
5.14479037164455,0.0973327863046402,0.068007387553223,0.436546901061379,0.465872299812796
5.15107984642651,0.0998484999290673,0.0658897035266773,0.434031187436952,0.467989983839342
5.15736932120847,0.102390652063544,0.0638038312387382,0.431489035302476,0.470075856127281
5.16365879599043,0.104958840468711,0.0617501007325676,0.428920846897308,0.472129586633452
5.16994827077239,0.10755265878555,0.0597288369656008,0.426327028580469,0.474150850400419
5.17623774555435,0.11017169659967,0.0577403597581315,0.42370799076635,0.476139327607888
5.18252722033631,0.112815539506256,0.0557849837427034,0.421064147859764,0.478094703623316
5.18881669511828,0.115483769175634,0.0538630183143287,0.418395918190385,0.480016669051691
5.19510616990024,0.118175963419465,0.0519747675815348,0.415703723946554,0.481904919784485
5.2013956446822,0.120891696257547,0.0501205303182423,0.412987991108473,0.483759157047777
5.20768511946416,0.123630537985212,0.048300599916493,0.410249149380807,0.485579087449526
5.21397459424612,0.126392055241328,0.0465152643400262,0.407487632124692,0.487364423025993
5.22026406902808,0.129175811076854,0.0447648060787165,0.404703876289166,0.489114881287303
5.22655354381005,0.131981365023992,0.0430495021038731,0.401898322342028,0.490830185262146
5.23284301859201,0.134808273165872,0.0413696238244172,0.399071414200147,0.492510063541602
5.23913249337397,0.137656088206796,0.0397254370439374,0.396223599159223,0.494154250322082
5.24542196815593,0.140524359543011,0.0381172019186321,0.393355327823009,0.495762485447387
5.25171144293789,0.143412633334006,0.0365451729161447,0.390467054032013,0.497334514449875
5.25800091771985,0.146320452574329,0.0350095987753003,0.387559234791691,0.498870088590719
5.26429039250182,0.149247357165886,0.033510722466749,0.384632330200133,0.500368964899271
5.27057986728378,0.152192883990754,0.0320487811545202,0.381686803375266,0.501830906211499
5.27686934206574,0.155156566984449,0.0306240061584966,0.37872312038157,0.503255681207523
5.2831588168477,0.15813793720968,0.0292366229178131,0.37574175015634,0.504643064448207
5.28944829162966,0.161136522930536,0.0278868509551875,0.372743164435483,0.505992836410832
5.29573776641162,0.16415184968714,0.0265749038421831,0.369727837678879,0.507304783523836
5.30202724119358,0.167183440370716,0.0253009891654178,0.366696246995304,0.508578698200602
5.30831671597555,0.170230815299077,0.0240653084937176,0.363648872066943,0.509814378872302
5.31460619075751,0.173293492292531,0.0228680573462229,0.360586195073488,0.511011630019797
5.32089566553947,0.176370986750175,0.0217094251614512,0.357508700615845,0.512170262204568
5.32718514032143,0.179462811726566,0.0205895952673234,0.354416875639454,0.513290092098696
5.33347461510339,0.182568478008775,0.0195087448521562,0.351311209357245,0.514370942513863
5.33976408988535,0.185687494193792,0.0184670449366257,0.348192193172227,0.515412642429394
5.34605356466732,0.188819366766281,0.0174646603467069,0.345060320599739,0.516415027019313
5.35234303944928,0.191963600176666,0.0165017496875943,0.341916087189353,0.517377937678425
5.35863251423124,0.195119696919543,0.0155784653186055,0.338759990446476,0.518301222047414
5.3649219890132,0.198287157612396,0.0146949533290743,0.335592529753623,0.519184734036945
5.37121146379516,0.201465481074618,0.0138513535152349,0.332414206291402,0.520028333850785
5.37750093857712,0.204654164406806,0.013047799358102,0.329225522959214,0.520831888007918
5.38379041335909,0.207852703070337,0.0122844180023513,0.326026984295682,0.521595269363668
5.39007988814105,0.211060590967203,0.0115613302362006,0.322819096398816,0.522318357129819
5.39636936292301,0.214277320520084,0.0108786504722982,0.319602366845936,0.523001036893721
5.40265883770497,0.217502382752663,0.0102364867296199,0.316377304613357,0.5236432006364
5.40894831248693,0.220735267370161,0.00963494061637718,0.313144419995859,0.524244746749642
5.41523778726889,0.223975462840081,0.0090741073139395,0.309904224525938,0.52480558005208
5.42152726205085,0.227222456473145,0.00855407556177449,0.306657230892874,0.525325611804245
5.42781673683282,0.230475734504415,0.00807492764340702,0.303403952861605,0.525804759722613
5.43410621161478,0.233734782174585,0.00763673937339916,0.300144905191435,0.52624294799262
5.44039568639674,0.236999083811434,0.00723958008535432,0.296880603554585,0.526640107280665
5.4466851611787,0.240268122911415,0.00688351262094702,0.293611564454604,0.526996174745073
5.45297463596066,0.243541382221384,0.00656859331997928,0.290338305144636,0.52731109404604
5.45926411074262,0.246818343820439,0.00629487201146642,0.287061343545581,0.527584815354553
5.46555358552459,0.250098489201875,0.00606239200575219,0.283781198164144,0.527817295360267
5.47184306030655,0.253381299355225,0.00587119008765647,0.280498388010795,0.528008497278363
5.47813253508851,0.256666254848377,0.00572129651065451,0.277213432517643,0.528158390855365
5.48442200987047,0.259952835909769,0.00561273499209008,0.273926851456251,0.528266952373929
5.49071148465243,0.263240522510629,0.00554552270942269,0.27063916485539,0.528334164656597
5.49700095943439,0.266528794447257,0.00551967029750978,0.267350892918762,0.52836001706851
5.50329043421635,0.269817131423336,0.00553518184692383,0.264062555942683,0.528344505519096
5.50957990899832,0.27310501313226,0.00559205490330513,0.260774674233759,0.528287632462714
5.51586938378028,0.276391919339456,0.00569028046775023,0.257487768026563,0.528189406898269
5.52215885856224,0.279677329964706,0.00582984299823573,0.254202357401314,0.528049844367784
5.5284483333442,0.28296072516443,0.00601072041207753,0.250918962201589,0.527868966953942
5.53473780812616,0.286241585413951,0.00623288408942485,0.247638101952068,0.527646803276595
5.54102728290812,0.289519391589686,0.00649629887778874,0.244360295776333,0.527383388488231
5.54731675769009,0.292793625051295,0.00680092309760412,0.241086062314725,0.527078764268415
5.55360623247205,0.296063767723739,0.00714670854882477,0.237815919642281,0.526732978817195
5.55989570725401,0.299329302179258,0.00753360051854981,0.234550385186762,0.52634608684747
5.56618518203597,0.302589711719238,0.00796153778968092,0.231289975646782,0.525918149576339
5.57247465681793,0.305844480455971,0.00843045265060832,0.228035206910048,0.525449234715411
5.57876413159989,0.309093093394282,0.00894027090592515,0.224786593971737,0.524939416460094
5.58505360638185,0.312335036513014,0.00949091188816656,0.221544650853006,0.524388775477853
5.59134308116382,0.315569796846361,0.0100822884705743,0.218309890519658,0.523797398895445
5.59763255594578,0.318796862565035,0.0107143070808819,0.215082824800985,0.523165380285138
5.60392203072774,0.32201572305725,0.0113868677161211,0.211863964308769,0.522492819649898
5.6102115055097,0.325225869009516,0.0120998639584442,0.208653818356504,0.521779823407575
5.61650098029166,0.328426792487226,0.0128531829919636,0.205452894878794,0.521026504374056
5.62279045507362,0.331617987015025,0.0136467056206011,0.202261700350995,0.520232981745418
5.62907992985559,0.334798947656951,0.0144803062869491,0.199080739709069,0.51939938107907
5.63536940463755,0.337969171096326,0.0153538530921363,0.195910516269694,0.518525834273883
5.64165887941951,0.341128155715398,0.016267207816699,0.192751531650621,0.517612479549321
5.64794835420147,0.34427540167471,0.0172202259424498,0.189604285691309,0.51665946142357
5.65423782898343,0.347410410992188,0.0182127566753457,0.186469276373831,0.515666930690674
5.66052730376539,0.350532687621935,0.0192446429693474,0.183346999744084,0.514635044396672
5.66681677854735,0.353641737532723,0.0203157215512683,0.180237949833297,0.513563965814751
5.67310625332932,0.356737068786156,0.0214258229466087,0.177142618579863,0.512453864419411
5.67939572811128,0.359818191614515,0.022574771506372,0.174061495751505,0.511304915859648
5.68568520289324,0.362884618498249,0.0237623854348568,0.170995068867771,0.510117301931163
5.6919746776752,0.365935864243115,0.0249884768184219,0.167943823122905,0.508891210547598
5.69826415245716,0.36897144605695,0.0262528516552203,0.164908241309069,0.507626835710799
5.70455362723912,0.371990883626062,0.0275553098858942,0.161888803739958,0.506324377480125
5.71084310202109,0.374993699191228,0.0288956454252322,0.158885988174791,0.504984041940787
5.71713257680305,0.377979417623291,0.0302736461947753,0.155900269742729,0.503606041171244
5.72342205158501,0.380947566498333,0.031689094156375,0.152932120867686,0.502190593209644
5.72971152636697,0.383897676172436,0.0331417653466932,0.149982011193584,0.500737922019326
5.73600100114893,0.386829279855982,0.034631429912639,0.147050407510037,0.499248257453381
5.74229047593089,0.38974191368752,0.0361578521477373,0.1441377736785,0.497721835218282
5.74857995071285,0.392635116807154,0.037720790529425,0.141244570558866,0.496158896836594
5.75486942549482,0.395508431429473,0.0393199977572667,0.138371255936546,0.494559689608753
5.76115890027678,0.39836140291598,0.0409552207920839,0.13551828445004,0.492924466573936
5.76744837505874,0.401193579847027,0.0426262008959929,0.132686107518992,0.491253486470027
5.7737378498407,0.404004514093247,0.0443326736733445,0.129875173272772,0.489547013692675
5.78002732462266,0.406793760886458,0.0460743691125597,0.127085926479562,0.48780531825346
5.78631679940462,0.409560878890036,0.047851011628851,0.124318808475984,0.486028675737169
5.79260627418659,0.412305430268749,0.0496623201078292,0.121574257097271,0.48421736725819
5.79889574896855,0.415026980758036,0.0515080079499836,0.118852706607984,0.482371679416036
5.80518522375051,0.417725099732717,0.0533877831160292,0.116154587633303,0.48049190424999
5.81147469853247,0.420399360275131,0.0553013481731158,0.113480327090888,0.478578339192904
5.81776417331443,0.423049339242687,0.0572484003418897,0.110830348123332,0.47663128702413
5.82405364809639,0.425674617334815,0.0592286315444031,0.108205070031205,0.474651055821616
5.83034312287835,0.428274779159313,0.0612417284528599,0.105604908206706,0.47263795891316
5.83663259766032,0.430849413298074,0.0632873725391921,0.103030274067946,0.470592314826827
5.84292207244228,0.43339811237218,0.0653652401254607,0.100481574993839,0.468514447240559
5.84921154722424,0.435920473106366,0.0674750024350709,0.0979592142596536,0.466404684930949
5.8555010220062,0.438416096392826,0.0696163256447936,0.0954635909731932,0.464263361721226
5.86179049678816,0.440884587354364,0.0717888709375835,0.092995100011656,0.462090816428436
5.86807997157012,0.443325555406872,0.0739922945561928,0.090554131959147,0.459887392809827
5.87436944635209,0.445738614321139,0.0762262478575611,0.0881410730448801,0.457653439508458
5.88065892113405,0.448123382283954,0.0784903773679806,0.0857563050820658,0.455389309998039
5.88694839591601,0.450479481958522,0.0807843248390252,0.0834002054074972,0.453095362526994
5.89323787069797,0.452806540544175,0.0831077273042371,0.0810731468218441,0.450771960061782
5.89952734547993,0.455104189835353,0.0854602171365567,0.0787754975306661,0.448419470229463
5.90581682026189,0.457372066279866,0.0878414221064912,0.0765076210861532,0.446038265259528
5.91210629504385,0.459609811036419,0.0902509654410125,0.0742698763296006,0.443628721925007
5.91839576982582,0.46181707003139,0.0926884658831734,0.0720626173346297,0.441191221482846
5.92468524460778,0.463993494014856,0.0951535377524331,0.0698861933511639,0.438726149613586
5.93097471938974,0.46613873861585,0.0976457910056801,0.0677409487501698,0.436233896360339
5.9372641941717,0.468252464396855,0.100164831298952,0.0656272229691646,0.433714856067068
5.94355366895366,0.47033433690751,0.102710260049829,0.0635453504585094,0.43116942731619
5.94984314373562,0.47238402673753,0.105281674500503,0.0614956606284896,0.428598012865516
5.95613261851759,0.474401209568825,0.1078786677815,0.0594784777971946,0.426001019584519
5.96242209329955,0.476385566226821,0.110500828976065,0.0574941211391982,0.423378858389955
5.96871156808151,0.478336782730961,0.113147743185175,0.0555429046350589,0.420731944180844
5.97500104286347,0.480254550344381,0.115818991593193,0.0536251370216389,0.418060695772827
5.98129051764543,0.482138565622766,0.118514151534128,0.0517411217432534,0.415365535831891
5.98757999242739,0.483988530462363,0.121232796558524,0.0498911569036564,0.412646890807496
5.99386946720936,0.485804152147147,0.123974496500925,0.0480755352188725,0.409905190865095
6.00015894199132,0.487585143395136,0.126738817547945,0.0462945439708834,0.407140869818074
6.00644841677328,0.489331222403851,0.129525322306911,0.0445484649621681,0.404354365059108
6.01273789155524,0.491042112894903,0.132333569875065,0.0428375744711167,0.401546117490954
6.0190273663372,0.492717544157706,0.135163115909334,0.0411621432083138,0.398716571456686
6.02531684111916,0.494357251092313,0.138013512696628,0.0395224362737067,0.395866174669392
6.03160631590112,0.495960974251363,0.140884309224691,0.0379187131146566,0.392995378141329
6.03789579068309,0.497528459881131,0.143775051253459,0.0363512274848881,0.390104636112561
6.04418526546505,0.499059459961682,0.146685281386932,0.034820227404338,0.387194405979087
6.05047474024701,0.500553732246107,0.149614539145548,0.033325955119913,0.384265148220471
6.05676421502897,0.502011040298863,0.152562361039046,0.0318686470671569,0.381317326326973
6.06305368981093,0.503431153533178,0.155528280639801,0.0304485338328415,0.378351406726218
6.06934316459289,0.504813847247538,0.158511828656624,0.0290658401184821,0.375367858709396
6.07563263937485,0.506158902661238,0.16151253300902,0.0277207847047814,0.372367154356999
6.08192211415682,0.507466106949006,0.164529918901884,0.0264135804170136,0.369349768464135
6.08821158893878,0.50873525327467,0.167563508900627,0.0251444340913492,0.366316178465392
6.09450106372074,0.509966140823891,0.170612823006715,0.0239135465421287,0.363266864359304
6.1007905385027,0.511158574835933,0.173677378733626,0.0227211125300862,0.360202308632394
6.10708001328466,0.512312366634485,0.176756691183185,0.0215673207315341,0.357122996182834
6.11336948806662,0.51342733365751,0.179850273122295,0.0204523537085096,0.354029414243725
6.11965896284859,0.514503299486132,0.182957635060025,0.0193763878798875,0.350922052305995
6.12594843763055,0.515540093872554,0.186078285325065,0.0183395934934659,0.347801402040954
6.13223791241251,0.516537552766991,0.189211730143524,0.0173421345990282,0.344667957222496
6.13852738719447,0.517495518343633,0.192357473717051,0.0163841690223868,0.341522213648968
6.14481686197643,0.51841383902561,0.195515018301292,0.0154658483404094,0.338364669064728
6.15110633675839,0.519292369508983,0.198683864284642,0.0145873178570361,0.335195823081377
6.15739581154036,0.520130970785732,0.201863510267304,0.0137487165802873,0.332016177098716
6.16368528632232,0.520929510165749,0.205053453140613,0.0129501772002706,0.328826234225406
6.16997476110428,0.521687861297836,0.208253188166655,0.0121918260681836,0.325626499199365
6.17626423588624,0.522405904189697,0.211462209058121,0.0114737831763225,0.322417478307899
6.1825537106682,0.523083525226924,0.21468000805842,0.0107961621390959,0.3191996793076
6.18884318545016,0.523720617190971,0.217906076022019,0.0101590701750482,0.315973611344001
6.19513266023212,0.524317079276126,0.221139902495005,0.00956260808989361,0.312739784871014
6.20142213501409,0.524872817105453,0.224380975795854,0.00900687026056675,0.309498711570166
6.20771160979605,0.52538774274573,0.227628783096388,0.00849194462028951,0.306250904269632
6.21400108457801,0.525861774721362,0.230882810502925,0.00801791264465736,0.302996876863095
6.22029055935997,0.526294838027272,0.234142543137588,0.00758484933874741,0.299737144228431
6.22658003414193,0.526686864140768,0.237407465219775,0.00719282322525093,0.296472222146244
6.23286950892389,0.527037791032388,0.240677060147768,0.00684189633363117,0.293202627218251
6.23915898370586,0.527347563175711,0.243950810580473,0.0065321241903082,0.289928876785546
6.24544845848782,0.527616131556146,0.247228198519282,0.00626355580987322,0.286651488846738
6.25173793326978,0.527843453678686,0.250508705390029,0.00603623368733336,0.28337098197599
6.25802740805174,0.528029493574632,0.253791812125049,0.0058501937913874,0.280087875240971
6.2643168828337,0.528174221807285,0.257076999245303,0.00570546555873479,0.276802688120716
6.27060635761566,0.528277615476602,0.260363746942582,0.00560207188941769,0.273515940423438
6.27689583239763,0.528339658222822,0.263651535161743,0.00554002914319788,0.270228152204276
6.28318530717959,0.528360340229052,0.26693984368301,0.00551934713696792,0.26693984368301
