0,0.391946127832051,0.271076191427036,0.15020625502202,0.271076191427036
0.00628947478196155,0.391936565334807,0.272596568165267,0.150215817519264,0.269555814688804
0.0125789495639231,0.391907879356129,0.274116704337502,0.150244503497943,0.268035678516569
0.0188684243458846,0.391860074434938,0.275636359415808,0.150292308419134,0.266516023438264
0.0251578991278462,0.391793158135306,0.277155292948373,0.150359224718765,0.264997089905698
0.0314473739098077,0.391707141045258,0.278673264597558,0.150445241808813,0.263479118256513
0.0377368486917693,0.391602036775096,0.280190034177917,0.150550346078975,0.261962348676154
0.0440263234737308,0.391477861955247,0.281705361694207,0.150674520898825,0.260447021159864
0.0503157982556924,0.391334636233629,0.283219007379358,0.150817746620442,0.258933375474713
0.0566052730376539,0.391172382272546,0.284730731732414,0.150980000581525,0.257421651121657
0.0628947478196155,0.390991125745099,0.286240295556427,0.151161257108973,0.255912087297645
0.069184222601577,0.390790895331125,0.287747459996304,0.151361487522946,0.254404922857768
0.0754736973835386,0.390571722712659,0.289251986576602,0.151580660141412,0.25290039627747
0.0817631721655001,0.390333642568922,0.290753637239262,0.15181874028515,0.25139874561481
0.0880526469474617,0.39007669257083,0.292252174381274,0.152075690283241,0.249900208472798
0.0943421217294232,0.38980091337504,0.293747360892275,0.152351469479032,0.248405021961797
0.100631596511385,0.389506348617509,0.295238960192064,0.152646034236562,0.246913422662008
0.106921071293346,0.389193044906598,0.296726736268037,0.152959337947474,0.245425646586035
0.113210546075308,0.388861051815688,0.298210453712531,0.153291331038383,0.24394192914154
0.119500020857269,0.388510421875347,0.299689877760073,0.153641960978725,0.242462505093998
0.125789495639231,0.388141210565007,0.301164774324523,0.154011172289065,0.240987608529548
0.132078970421193,0.387753476304193,0.302634910036116,0.154398906549879,0.239517472817955
0.138368445203154,0.387347280443279,0.304100052278387,0.154805102410793,0.238052330575685
0.144657919985116,0.386922687253775,0.305559969224975,0.155229695600296,0.236592413629096
0.150947394767077,0.386479763918166,0.307014429876311,0.155672618935906,0.235137952977761
0.157236869549039,0.386018580519273,0.308463204096158,0.156133802334798,0.233689178757913
0.163526344331,0.385539210029172,0.309906062648037,0.1566131728249,0.232246320206035
0.169815819112962,0.38504172829764,0.311342777231488,0.157110654556431,0.230809605622583
0.176105293894923,0.384526214040162,0.312773120518201,0.15762616881391,0.22937926233587
0.182394768676885,0.383992748825467,0.314196866187982,0.158159634028605,0.227955516666089
0.188684243458846,0.383441417062629,0.315613788964564,0.158710965791443,0.226538593889508
0.194973718240808,0.382872305987706,0.31702366465125,0.159280076866365,0.225128718202821
0.20126319302277,0.382285505649942,0.318426270166393,0.15986687720413,0.223726112687678
0.207552667804731,0.381681108897513,0.319821383578687,0.160471273956559,0.222330999275384
0.213842142586693,0.381059211362839,0.321208784142286,0.161093171491233,0.220943598711785
0.220131617368654,0.380419911447452,0.322588252331733,0.16173247140662,0.219564130522338
0.226421092150616,0.379763310306427,0.323959569876693,0.162389072547645,0.218192812977379
0.232710566932577,0.379089511832373,0.325322519796489,0.163062871021699,0.216829863057583
0.239000041714539,0.378398622638998,0.326676886434437,0.163753760215073,0.215475496419635
0.2452895164965,0.37769075204424,0.328022455491968,0.164461630809832,0.214129927362103
0.251578991278462,0.376966012052964,0.329359014062535,0.165186370801107,0.212793368791536
0.257868466060423,0.376224517339249,0.330686350665301,0.165927865514822,0.21146603218877
0.264157940842385,0.375466385228235,0.332004255278602,0.166685997625836,0.21014812757547
0.270447415624347,0.374691735677563,0.333312519373176,0.167460647176509,0.208839863480896
0.276736890406308,0.373900691258393,0.334610935945163,0.168251691595679,0.207541446908909
0.28302636518827,0.373093377136012,0.335899299548853,0.16905900571806,0.206253083305219
0.289315839970231,0.372269921050026,0.337177406329197,0.169882461804046,0.204974976524875
0.295605314752193,0.37143045329415,0.338445054054062,0.170721929559921,0.20370732880001
0.301894789534154,0.370575106695594,0.339702042146228,0.171577276158478,0.202450340707844
0.308184264316116,0.36970401659404,0.340948171715127,0.172448366260032,0.201204211138945
0.314473739098077,0.368817320820234,0.342183245588311,0.173335062033838,0.19996913726576
0.320763213880039,0.367915159674173,0.343407068342654,0.174237223179899,0.198745314511417
0.327052688662,0.366997675902909,0.344619446335269,0.175154706951163,0.197532936518803
0.333342163443962,0.366065014677958,0.345820187734148,0.176087368176114,0.196332195119924
0.339631638225924,0.365117323572334,0.347009102548519,0.177035059281738,0.195143280305553
0.345921113007885,0.364154752537197,0.348186002658904,0.177997630316875,0.193966380195167
0.352210587789847,0.363177453878127,0.349350701846888,0.178974928975944,0.192801681007183
0.358500062571808,0.362185582231025,0.35050301582458,0.179966800623046,0.191649367029491
0.36478953735377,0.361179294537644,0.351642762263776,0.180973088316427,0.190509620590296
0.371079012135731,0.360158750020759,0.352769760824806,0.181993632833313,0.189382622029265
0.377368486917693,0.35912411015897,0.353883833185071,0.183028272695102,0.188268549669
0.383657961699654,0.358075538661156,0.354984803067257,0.184076844192916,0.187167579786814
0.389947436481616,0.357013201440567,0.356072496267227,0.185139181413505,0.186079886586844
0.396236911263578,0.355937266588576,0.357146740681586,0.186215116265496,0.185005642172486
0.402526386045539,0.35484790434808,0.358207366334911,0.187304478505992,0.183945016519161
0.408815860827501,0.353745287086562,0.359254205406647,0.188407095767509,0.182898177447425
0.415105335609462,0.352629589268822,0.360287092257662,0.189522793585249,0.18186529059641
0.421394810391424,0.351500987429366,0.361305863456452,0.190651395424706,0.180846519397619
0.427684285173385,0.350359660144476,0.362310357805006,0.191792722709595,0.179842025049066
0.433973759955347,0.349205788003957,0.363300416364305,0.192946594850115,0.178851966489766
0.440263234737308,0.348039553582556,0.364275882479478,0.194112829271515,0.177876500374594
0.44655270951927,0.346861141411082,0.365236601804583,0.19529124144299,0.176915781049489
0.452842184301231,0.3456707379472,0.366182422327033,0.196481644906872,0.175969960527039
0.459131659083193,0.344468531545934,0.367113194391646,0.197683851308138,0.175039188462426
0.465421133865155,0.34325471242986,0.368028770724326,0.198897670424212,0.174123612129746
0.471710608647116,0.342029472659012,0.368929006455366,0.20012291019506,0.173223376398706
0.478000083429078,0.340793006100487,0.369813759142369,0.201359376753584,0.172338623711702
0.484289558211039,0.339545508397776,0.370682888792789,0.202606874456296,0.171469494061282
0.490579032993001,0.338287176939801,0.371536257886078,0.20386520591427,0.170616124967993
0.496868507774962,0.33701821082969,0.37237373139545,0.205134172024381,0.169778651458622
0.503157982556924,0.335738810853267,0.37319517680924,0.206413572000805,0.168957206044832
0.509447457338885,0.334449179447285,0.374000464151879,0.207703203406787,0.168151918702193
0.515736932120847,0.333149520667395,0.374789466004452,0.209002862186677,0.16736291684962
0.522026406902809,0.331840040155857,0.375562057524864,0.210312342698214,0.166590325329207
0.52831588168477,0.330520945109006,0.376318116467594,0.211631437745066,0.165834266386478
0.534605356466732,0.32919244424446,0.377057523203032,0.212959938609612,0.16509485965104
0.540894831248693,0.327854747768104,0.377780160736414,0.214297635085968,0.164372222117658
0.547184306030655,0.326508067340821,0.378485914726331,0.21564431551325,0.163666468127741
0.553473780812616,0.32515261604501,0.379174673502822,0.216999766809062,0.16297770935125
0.559763255594578,0.323788608350863,0.379846328085041,0.218363774503209,0.162306054769031
0.566052730376539,0.322416260082433,0.380500772198504,0.219736122771639,0.161651610655567
0.572342205158501,0.321035788383485,0.381137902291903,0.221116594470587,0.161014480562169
0.578631679940462,0.319647411683138,0.38175761755349,0.222504971170933,0.160394765300582
0.584921154722424,0.318251349661302,0.382359819927028,0.22390103319277,0.159792562927043
0.591210629504386,0.316847823213919,0.382944414127312,0.225304559640153,0.15920796872676
0.597500104286347,0.31543705441801,0.383511307655234,0.226715328436061,0.158641075198838
0.603789579068309,0.314019266496541,0.384060410812432,0.228133116357531,0.15809197204164
0.61007905385027,0.312594683783095,0.384591636715473,0.229557699070976,0.157560746138598
0.616368528632232,0.311163531686385,0.385104901309607,0.230988851167686,0.157047481544465
0.622658003414193,0.30972603665458,0.385600123382061,0.232426346199491,0.15655225947201
0.628947478196155,0.308282426139481,0.386077224574895,0.233869956714591,0.156075158279177
0.635236952978116,0.306832928560526,0.386536129397394,0.235319454293546,0.155616253456678
0.641526427760078,0.305377773268653,0.38697676523802,0.236774609585419,0.155175617616052
0.647815902542039,0.303917190510007,0.387399062375894,0.238235192344064,0.154753320478178
0.654105377324001,0.302451411389511,0.387802953991834,0.23970097146456,0.154349428862238
0.660394852105963,0.300980667834295,0.388188376178923,0.241171715019776,0.153964006675149
0.666684326887924,0.299505192557003,0.388555267952623,0.242647190297069,0.153597114901449
0.672973801669886,0.298025219018968,0.388903571260425,0.244127163835104,0.153248811593647
0.679263276451847,0.296540981393274,0.389233230991032,0.245611401460797,0.152919151863039
0.685552751233809,0.295052714527703,0.389544194983083,0.247099668326369,0.152608187870989
0.69184222601577,0.293560653907574,0.389836414033402,0.248591728946498,0.152315968820669
0.698131700797732,0.292065035618485,0.390109841904787,0.250087347235587,0.152042540949284
0.704421175579693,0.290566096308954,0.390364435333324,0.251586286545117,0.151787947520747
0.710710650361655,0.289064073152981,0.390600154035234,0.253088309701091,0.151552228818838
0.717000125143616,0.287559203812513,0.390816960713243,0.254593179041558,0.151335422140829
0.723289599925578,0.286051726399845,0.39101482106249,0.256100656454227,0.151137561791582
0.72957907470754,0.28454187943994,0.39119370377595,0.257610503414132,0.150958679078121
0.735868549489501,0.28302990183269,0.39135358054939,0.259122481021381,0.150798802304682
0.742158024271463,0.281516032815117,0.391494426085846,0.260636350038955,0.150657956768226
0.748447499053424,0.280000511923512,0.391616218099625,0.262151870930559,0.150536164754446
0.754736973835386,0.278483578955544,0.391718937319837,0.263668803898527,0.150433445534235
0.761026448617347,0.276965473932309,0.391802567493435,0.265186908921763,0.150349815360637
0.767315923399309,0.275446437060353,0.391867095387793,0.266705945793718,0.150285287466278
0.77360539818127,0.273926708693672,0.3919125107928,0.2682256741604,0.150239872061271
0.779894872963232,0.272406529295669,0.391938806522473,0.269745853558402,0.150213576331599
0.786184347745193,0.270886139401119,0.391945978416092,0.271266243452953,0.150206404437979
0.792473822527155,0.269365779578099,0.391934025338866,0.272786603275973,0.150218357515206
0.798763297309117,0.267845690389929,0.391902949182103,0.274306692464142,0.150249433671969
0.805052772091078,0.266326112357108,0.391852754862919,0.275826270496963,0.150299627991153
0.81134224687304,0.264807285919256,0.391783450323454,0.277345096934815,0.150368932530617
0.817631721655001,0.263289451397068,0.39169504652962,0.278862931457003,0.150457336324452
0.823921196436963,0.261772848954292,0.391587557469361,0.280379533899779,0.150564825384711
0.830210671218924,0.260257718559726,0.391461000150445,0.281894664294345,0.150691382703627
0.836500146000886,0.258744299949249,0.391315394597768,0.283408082904823,0.150836988256304
0.842789620782847,0.257232832587888,0.391150763850189,0.284919550266184,0.151001619003883
0.849079095564809,0.255723555631927,0.390967133956883,0.286428827222145,0.151185248897188
0.855368570346771,0.254216707891069,0.390764533973221,0.287935674963003,0.151387848880851
0.861658045128732,0.252712527790645,0.390542995956168,0.289439855063426,0.151609386897903
0.867947519910694,0.251211253333894,0.390302554959218,0.290941129520178,0.151849827894854
0.874236994692655,0.249713122064297,0.39004324902684,0.292439260789775,0.152109133827231
0.880526469474617,0.248218371027999,0.389765119188465,0.293934011826073,0.152387263665606
0.886815944256578,0.246727236736295,0.389468209451988,0.295425146117776,0.152684173402083
0.89310541903854,0.245239955128212,0.38915256679681,0.296912427725859,0.152999816057262
0.899394893820501,0.243756761533175,0.3888182411664,0.298395621320897,0.153334141687672
0.905684368602463,0.242277890633769,0.388465285460396,0.299874492220302,0.153687097393676
0.911973843384424,0.240803576428611,0.388093755526233,0.30134880642546,0.154058627327839
0.918263318166386,0.239334052195321,0.387703710150307,0.302818330658751,0.154448672703765
0.924552792948348,0.23786955045361,0.387295211048673,0.304282832400461,0.154857171805399
0.930842267730309,0.236410302928494,0.386868322857281,0.305742079925578,0.155284059996791
0.937131742512271,0.234956540513622,0.386423113121746,0.30719584234045,0.155729269732326
0.943421217294232,0.233508493234748,0.385959652286663,0.308643889619324,0.156192730567408
0.949710692076194,0.232066390213331,0.385478013684462,0.31008599264074,0.15667436916961
0.956000166858155,0.230630459630284,0.384978273523799,0.311521923223787,0.157174109330273
0.962289641640117,0.229200928689867,0.384460510877503,0.312951454164205,0.157691871976569
0.968579116422078,0.227778023583738,0.383924807670063,0.314374359270334,0.158227575184009
0.97486859120404,0.226361969455163,0.383371248664666,0.315790413398908,0.158781134189406
0.981158065986001,0.224952990363394,0.382799921449782,0.317199392490677,0.15935246140429
0.987447540767963,0.223551309248214,0.382210916425308,0.318601073605858,0.159941466428764
0.993737015549925,0.222157147894661,0.381604326788264,0.319995234959411,0.160548056065807
1.00002649033189,0.220770726897939,0.380980248518047,0.321381655956133,0.161172134336025
1.00631596511385,0.219392265628511,0.380338780361241,0.322760117225561,0.161813602492831
1.01260543989581,0.218021982197389,0.379680023815996,0.324130400656683,0.162472359038076
1.01889491467777,0.216660093421624,0.379004083115968,0.325492289432448,0.163148299738104
1.02518438945973,0.215306814789997,0.378311065213825,0.326845568064075,0.163841317640247
1.03147386424169,0.213962360428925,0.377601079764324,0.328190022425147,0.164551303089748
1.03776333902366,0.212626943068578,0.376874239106961,0.329525439785493,0.16527814374711
1.04405281380562,0.211300774009223,0.376130658248198,0.330851608844848,0.166021724605873
1.05034228858758,0.209984063087786,0.375370454843261,0.332168319766286,0.16678192801081
1.05663176336954,0.208677018644652,0.374593749177529,0.33347536420942,0.167558633676543
1.0629212381515,0.207379847490699,0.373800664147495,0.334772535363372,0.168351718706576
1.06921071293346,0.206092754874578,0.372991325241328,0.336059627979493,0.169161057612743
1.07550018771542,0.204815944450231,0.372165860519012,0.33733643840384,0.169986522335059
1.08178966249739,0.203549618244673,0.371324400592085,0.338602764609399,0.170827982261987
1.08807913727935,0.202293976626021,0.370467078602971,0.339858406228051,0.171685304251101
1.09436861206131,0.201049218271794,0.369594030203916,0.341103164582278,0.172558352650155
1.10065808684327,0.199815540137474,0.368705393535524,0.342336842716597,0.173446989318548
1.10694756162523,0.198593137425346,0.367801309204894,0.343559245428726,0.174351073649178
1.11323703640719,0.197382203553605,0.36688192026338,0.344770179300467,0.175270462590692
1.11952651118916,0.196182930125757,0.365947372183949,0.345969452728315,0.176205010670123
1.12581598597112,0.194995506900302,0.364997812838168,0.34715687595377,0.177154570015904
1.13210546075308,0.193820121760706,0.364033392472805,0.348332261093366,0.178118990381266
1.13839493553504,0.192656960685674,0.363054263686056,0.349495422168397,0.179098119168015
1.144684410317,0.191506207719725,0.362060581403398,0.350646175134346,0.180091801450674
1.15097388509896,0.190368044944067,0.361052502853078,0.351784337910005,0.181099880000994
1.15726335988092,0.18924265244779,0.360030187541233,0.352909730406282,0.182122195312838
1.16355283466289,0.188130208299368,0.358993797226655,0.354022174554703,0.183158585627417
1.16984230944485,0.187030888518489,0.35794349589519,0.355121494335583,0.184208886958881
1.17613178422681,0.185944867048195,0.356879449733799,0.356207515805876,0.185272933120273
1.18242125900877,0.18487231572737,0.355801827104255,0.357280067126702,0.186350555749816
1.18871073379073,0.183813404263539,0.35471079851651,0.358338978590532,0.187441584337562
1.19500020857269,0.182768300206026,0.353606536601709,0.359384082648045,0.188545846252362
1.20128968335466,0.181737168919436,0.352489216084882,0.360415213934636,0.18966316676919
1.20757915813662,0.180720173557492,0.35135901375729,0.36143220929658,0.190793369096782
1.21386863291858,0.17971747503722,0.350216108448459,0.362434907816851,0.191936274405613
1.22015810770054,0.178729232013488,0.349060680997879,0.363423150840584,0.193091701856193
1.2264475824825,0.177755600853898,0.347892914226393,0.364396782000173,0.194259468627678
1.23273705726446,0.176796735614052,0.346712992907269,0.365355647240019,0.195439389946803
1.23902653204642,0.175852788013169,0.345521103736961,0.366299594840902,0.19663127911711
1.24531600682839,0.174923907410082,0.344317435305574,0.367228475443989,0.197834947548497
1.25160548161035,0.174010240779605,0.343102178067018,0.368142142074467,0.199050204787053
1.25789495639231,0.173111932689277,0.341875524308878,0.369040450164795,0.200276858545194
1.26418443117427,0.172229125276488,0.340637668121983,0.369923257577584,0.201514714732089
1.27047390595623,0.171361958225988,0.339388805369701,0.370790424628083,0.202763577484371
1.27676338073819,0.170510568747788,0.338129133656945,0.371641814106284,0.204023249197127
1.28305285552016,0.169675091555442,0.336858852298906,0.372477291298629,0.205293530555165
1.28934233030212,0.168855658844742,0.335578162289519,0.37329672400933,0.206574220564552
1.29563180508408,0.168052400272793,0.334287266269656,0.374099982581279,0.207865116584416
1.30192127986604,0.167265442937499,0.332986368495064,0.374886939916572,0.209166014359007
1.308210754648,0.166494911357457,0.331675674804049,0.375657471496614,0.210476708050023
1.31450022942996,0.16574092745225,0.330355392584901,0.376411455401822,0.211796990269171
1.32078970421193,0.165003610523156,0.329025730743085,0.377148772330915,0.213126652110986
1.32707917899389,0.164283077234275,0.327686899668183,0.377869305619797,0.214465483185888
1.33336865377585,0.163579441594064,0.326339111200606,0.378572941260007,0.215813271653466
1.33965812855781,0.162892814937305,0.324982578598072,0.379259567916766,0.217169804256
1.34594760333977,0.162223305907481,0.323617516501868,0.379929076946591,0.218534866352204
1.35223707812173,0.16157102043959,0.322244140902883,0.380581362414481,0.219908241951189
1.35852655290369,0.160936061743384,0.320862669107434,0.381216321110688,0.221289713746638
1.36481602768566,0.160318530287033,0.319473319702883,0.381833852567039,0.222679063151189
1.37110550246762,0.159718523781235,0.318076312523048,0.382433859072837,0.224076070331024
1.37739497724958,0.15913613716375,0.316671868613422,0.383016245690321,0.225480514240649
1.38368445203154,0.158571462584383,0.315260210196196,0.383580920269689,0.226892172657875
1.3899739268135,0.158024589390396,0.313841560635096,0.384127793463675,0.228310822218975
1.39626340159546,0.157495604112381,0.312416144400044,0.384656778741691,0.229736238454028
1.40255287637743,0.156984590450558,0.310984187031635,0.385167792403513,0.231168195822437
1.40884235115939,0.15649162926154,0.309545915105457,0.385660753592532,0.232606467748614
1.41513182594135,0.156016798545533,0.308101556196236,0.386135584308539,0.234050826657835
1.42142130072331,0.155560173433997,0.306651338841829,0.386592209420075,0.235501044012242
1.42771077550527,0.155121826177758,0.305195492507061,0.387030556676314,0.23695689034701
1.43400025028723,0.154701826135575,0.30373424754742,0.387450556718496,0.238418135306651
1.44028972506919,0.154300239763169,0.302267835172607,0.387852143090903,0.239884547681465
1.44657919985116,0.1539171306027,0.30079648740995,0.388235252251372,0.241355895444122
1.45286867463312,0.153552559272722,0.299320437067696,0.38859982358135,0.242831945786375
1.45915814941508,0.153206583458585,0.29783991769817,0.388945799395486,0.244312465155901
1.46544762419704,0.152879257903311,0.296355163560822,0.38927312495076,0.24579721929325
1.471737098979,0.152570634398931,0.294866409585158,0.389581748455141,0.247285973268913
1.47802657376096,0.152280761778289,0.293373891333574,0.389871621075783,0.248778491520497
1.48431604854293,0.152009685907316,0.291877844964077,0.390142696946755,0.250274537889995
1.49060552332489,0.151757449677776,0.29037850719292,0.390394933176296,0.251773875661151
1.49689499810685,0.151524093000473,0.28887611525715,0.390628289853599,0.253276267596921
1.50318447288881,0.151309652798941,0.287370906877066,0.390842730055131,0.254781475977006
1.50947394767077,0.151114163003599,0.285863120218607,0.391038219850473,0.256289262635465
1.51576342245273,0.150937654546385,0.284352993855669,0.391214728307687,0.257799388998403
1.52205289723469,0.150780155355859,0.282840766732353,0.391372227498213,0.259311616121719
1.52834237201666,0.150641690352784,0.281326678125159,0.391510692501288,0.260825704728913
1.53463184679862,0.150522281446185,0.279810967605128,0.391630101407887,0.262341415248944
1.54092132158058,0.150421947529881,0.278293874999929,0.39173043532419,0.263858507854143
1.54721079636254,0.150340704479496,0.276775640355918,0.391811678374575,0.265376742498153
1.5535002711445,0.150278565149946,0.275256503900154,0.391873817704126,0.266895878953917
1.55978974592646,0.150235539373404,0.273736706002385,0.391916843480667,0.268415676851686
1.56607922070843,0.15021163395775,0.27221648713702,0.391940748896321,0.269935895717051
1.57236869549039,0.150206852685486,0.270696087845076,0.391945530168585,0.271456295008996
1.57865817027235,0.150221196313143,0.269175748696118,0.391931186540928,0.272976634157954
1.58494764505431,0.15025466257116,0.267655710250195,0.391897720282912,0.274496672603877
1.59123711983627,0.15030724616424,0.266136213019777,0.391845136689832,0.276016169834295
1.59752659461823,0.150378938772193,0.264617497431698,0.391773444081879,0.277534885422374
1.60381606940019,0.150469729051249,0.263099803789114,0.391682653802823,0.279052579064957
1.61010554418216,0.150579602635855,0.261583372233483,0.391572780218217,0.280569010620589
1.61639501896412,0.150708542140945,0.260068442706562,0.391443840713127,0.28208394014751
1.62268449374608,0.150856527164694,0.258555254912448,0.391295855689377,0.283597127941624
1.62897396852804,0.151023534291745,0.257044048279646,0.391128848562326,0.285108334574425
1.63526344331,0.151209537096913,0.255535061923187,0.390942845757158,0.286617320930884
1.64155291809196,0.151414506149368,0.254028534606792,0.390737876704704,0.288123848247279
1.64784239287393,0.151638409017289,0.252524704705092,0.390513973836783,0.289627678148979
1.65413186765589,0.151881210273,0.251023810165914,0.390271172581072,0.291128572688157
1.66042134243785,0.15214287149857,0.249526088472627,0.390009511355502,0.292626294381444
1.66671081721981,0.152423351291898,0.248031776606569,0.389729031562174,0.294120606247503
1.67300029200177,0.152722605273258,0.246541111009545,0.389429777580814,0.295611271844527
1.67928976678373,0.153040586092326,0.245054327546423,0.389111796761745,0.297098055307649
1.68557924156569,0.15337724343567,0.243571661467806,0.388775139418402,0.298580721386266
1.69186871634766,0.153732524034709,0.242093347372812,0.388419858819363,0.300059035481259
1.69815819112962,0.154106371674146,0.240619619171957,0.388046011179926,0.301532763682115
1.70444766591158,0.154498727200858,0.239150710050136,0.387653655653213,0.303001672803935
1.71073714069354,0.154909528533261,0.237686852429735,0.38724285432081,0.304465530424336
1.7170266154755,0.155338710671129,0.236228277933851,0.386813672182943,0.305924104920221
1.72331609025746,0.155786205705878,0.234775217349641,0.386366177148194,0.307377165504431
1.72960556503943,0.156251942831316,0.23332790059181,0.385900440022756,0.308824482262262
1.73589503982139,0.156735848354842,0.231886556666229,0.38541653449923,0.310265826187843
1.74218451460335,0.157237845709108,0.230451413633699,0.384914537144964,0.311700969220373
1.74847398938531,0.157757855464134,0.229022698573868,0.384394527389937,0.313129684280203
1.75476346416727,0.158295795339877,0.2276006375493,0.383856587514195,0.314551745304772
1.76105293894923,0.158851580219246,0.226185455569704,0.383300802634826,0.315966927284368
1.76734241373119,0.159425122161575,0.224777376556332,0.382727260692497,0.31737500629774
1.77363188851316,0.160016330416536,0.22337662330655,0.382136052437536,0.318775759547522
1.77992136329512,0.160625111438496,0.221983417458582,0.381527271415575,0.320168965395489
1.78621083807708,0.161251368901322,0.220597979456446,0.38090101395275,0.321554403397626
1.79250031285904,0.161895003713618,0.219220528515065,0.380257379140453,0.322931854339006
1.798789787641,0.16255591403441,0.217851282585592,0.379596468819662,0.32430110026848
1.80507926242296,0.163233995289255,0.216490458320913,0.378918387564817,0.325661924533158
1.81136873720493,0.163929140186789,0.215138271041376,0.378223242667283,0.327014111812695
1.81765821198689,0.164641238735705,0.213794934700715,0.377511144118366,0.328357448153356
1.82394768676885,0.165370178262155,0.212460661852199,0.376782204591916,0.329691721001873
1.83023716155081,0.16611584342758,0.211135663614999,0.376036539426492,0.331016719239072
1.83652663633277,0.166878116246956,0.209820149640786,0.375274266607116,0.332332233213286
1.84281611111473,0.167656876107466,0.208514328080554,0.374495506746605,0.333638054773518
1.8491055858967,0.168451999787585,0.207218405551688,0.373700383066486,0.334933977302384
1.85539506067866,0.169263361476575,0.205932587105269,0.372889021377497,0.336219795748802
1.86168453546062,0.170090832794389,0.204657076193633,0.372061550059683,0.337495306660439
1.86797401024258,0.170934282811991,0.203392074638173,0.371218100042081,0.338760308215899
1.87426348502454,0.171793578072068,0.202137782597411,0.370358804782003,0.340014600256661
1.8805529598065,0.172668582610149,0.200894398535325,0.369483800243923,0.341257984318746
1.88684243458846,0.173559157976113,0.199662119189947,0.368593224877958,0.342490263664125
1.89313190937043,0.174465163256106,0.198441139542232,0.367687219597966,0.34371124331184
1.89942138415239,0.175386455094826,0.197231652785207,0.366765927759246,0.344920730068864
1.90571085893435,0.176322887718213,0.196033850293406,0.365829495135858,0.346118532560666
1.91200033371631,0.177274312956514,0.194847921592584,0.364878069897557,0.347304461261487
1.91828980849827,0.178240580267725,0.193674054329733,0.363911802586346,0.348478328524339
1.92457928328023,0.179221536761412,0.192512434243386,0.36293084609266,0.349639948610685
1.9308687580622,0.180217027222903,0.191363245134236,0.361935355631169,0.350789137719836
1.93715823284416,0.181226894137846,0.190226668836044,0.360925488716225,0.351925714018028
1.94344770762612,0.182250977717136,0.189102885186876,0.359901405136935,0.353049497667196
1.94973718240808,0.183289115922193,0.187992072000641,0.358863266931879,0.35416031085343
1.95602665719004,0.184341144490602,0.186894405038963,0.35781123836347,0.355257977815108
1.962316131972,0.185406896962109,0.185810057983364,0.356745485891963,0.356342324870708
1.96860560675396,0.186486204704952,0.184739202407785,0.355666178149119,0.357413180446286
1.97489508153593,0.18757889694255,0.183682007751441,0.354573485911521,0.35847037510263
1.98118455631789,0.18868480078052,0.182638641292007,0.353467582073551,0.359513741562064
1.98747403109985,0.189803741234036,0.181609268119152,0.352348641620035,0.36054311473492
1.99376350588181,0.190935541255516,0.180594051108415,0.351216841598556,0.361558331745656
2.00005298066377,0.192080021762635,0.17959315089544,0.350072361091437,0.362559231958632
2.00634245544573,0.193237001666662,0.17860672585055,0.34891538118741,0.363545657003522
2.0126319302277,0.194406297901113,0.177634932053694,0.347746084952958,0.364517450800378
2.01892140500966,0.195587725450718,0.176677923269751,0.346564657403354,0.365474459584321
2.02521087979162,0.196781097380692,0.175735850924196,0.345371285473379,0.366416531929875
2.03150035457358,0.197986224866319,0.174808864079146,0.344166157987753,0.367343518774926
2.03778982935554,0.199202917222824,0.173897109409769,0.342949465631247,0.368255273444303
2.0440793041375,0.200430981935549,0.173000731181078,0.341721400918523,0.369151651672993
2.05036877891946,0.201670224690409,0.172119871225106,0.340482158163662,0.370032511628965
2.05665825370143,0.202920449404645,0.171254668918462,0.339231933449426,0.37089771393561
2.06294772848339,0.204181458257843,0.170405261160276,0.337970924596229,0.371747121693796
2.06923720326535,0.205453051723237,0.169571782350542,0.336699331130834,0.37258060050353
2.07552667804731,0.206735028599284,0.168754364368851,0.335417354254788,0.373398018485221
2.08181615282927,0.208027186041491,0.167953136553521,0.334125196812581,0.374199246300551
2.08810562761123,0.209329319594519,0.167168225681136,0.332823063259553,0.374984157172936
2.0943951023932,0.210641223224528,0.166399755946483,0.331511159629544,0.375752626907589
2.10068457717516,0.211962689351782,0.165647848942904,0.33018969350229,0.376504533911168
2.10697405195712,0.213293508883488,0.164912623643055,0.328858873970584,0.377239759211017
2.11326352673908,0.214633471246886,0.164194196380079,0.327518911607186,0.377958186473993
2.11955300152104,0.215982364422563,0.163492680829204,0.326170018431508,0.378659702024867
2.125842476303,0.217339974978006,0.162808187989753,0.324812407876065,0.379344194864319
2.13213195108496,0.218706088101366,0.16214082616758,0.323446294752706,0.380011556686492
2.13842142586693,0.220080487635451,0.161490700957935,0.322071895218621,0.380661681896137
2.14471090064889,0.221462956111929,0.160857915228756,0.320689426742142,0.381294467625316
2.15100037543085,0.222853274785737,0.16024256910439,0.319299108068335,0.381909813749681
2.15728985021281,0.224251223669689,0.159644759949755,0.317901159184382,0.382507622904317
2.16357932499477,0.22565658156929,0.159064582354928,0.316495801284782,0.383087800499143
2.16986879977673,0.22706912611773,0.158502128120185,0.315083256736341,0.383650254733887
2.1761582745587,0.228488633811072,0.157957486241468,0.313663749042999,0.384194896612604
2.18244774934066,0.229914880043615,0.157430742896311,0.312237502810456,0.38472163995776
2.18873722412262,0.231347639143433,0.156921981430201,0.310804743710639,0.385230401423871
2.19502669890458,0.232786684408082,0.156431282343388,0.309365698445989,0.385721100510684
2.20131617368654,0.234231788140474,0.155958723278151,0.307920594713598,0.386193659575921
2.2076056484685,0.235682721684899,0.155504379006511,0.306469661169173,0.38664800384756
2.21389512325046,0.23713925546321,0.155068321418404,0.305013127390861,0.387084061435668
2.22018459803243,0.238601159011149,0.154650619510298,0.303551223842923,0.387501763343774
2.22647407281439,0.240068201014806,0.154251339374283,0.302084181839266,0.387901043479788
2.23276354759635,0.241540149347227,0.153870544187612,0.300612233506845,0.388281838666459
2.23905302237831,0.24301677110514,0.153508294202702,0.299135611748932,0.38864408865137
2.24534249716027,0.244497832645805,0.153164646737601,0.297654550208266,0.388987736116471
2.25163197194223,0.245983099623988,0.152839656166922,0.296169283230084,0.38931272668715
2.2579214467242,0.247472337029033,0.152533373913235,0.294680045825039,0.389619008940837
2.26421092150616,0.248965309222055,0.152245848438934,0.293187073632016,0.389906534415138
2.27050039628812,0.250461779973221,0.151977125238567,0.291690602880851,0.390175257615505
2.27678987107008,0.251961512499127,0.151727246831638,0.290190870354945,0.390425136022434
2.28307934585204,0.253464269500266,0.151496252755878,0.288688113353806,0.390656130098193
2.289368820634,0.254969813198576,0.151284179560993,0.287182569655496,0.390868203293079
2.29565829541597,0.25647790537506,0.151091060802874,0.285674477479012,0.391061322051197
2.30194777019793,0.257988307407481,0.150916927038296,0.28416407544659,0.391235455815776
2.30823724497989,0.25950078030812,0.150761805820075,0.282651602545952,0.391390577033997
2.31452671976185,0.261015084761587,0.150625721692713,0.281137298092485,0.391526661161358
2.32081619454381,0.26253098116269,0.150508696188516,0.279621401691382,0.391643686665556
2.32710566932577,0.264048229654346,0.15041074782418,0.278104153199726,0.391741635029892
2.33339514410773,0.265566590165535,0.150331892097868,0.276585792688537,0.391820490756204
2.3396846188897,0.267085822449282,0.150272141486755,0.275066560404789,0.391880241367317
2.34597409367166,0.268605686120677,0.150231505445054,0.273546696733395,0.391920877409017
2.35226356845362,0.270125940694902,0.150209990402521,0.272026442159169,0.391942392451551
2.35855304323558,0.271646345625292,0.150207599763433,0.270506037228779,0.391944783090638
2.36484251801754,0.273166660341389,0.150224333906059,0.268985722512683,0.391928048948013
2.3711319927995,0.274686644287009,0.150260190182588,0.267465738567062,0.391892192671483
2.37742146758147,0.276206056958307,0.150315162919559,0.265946325895765,0.391837219934512
2.38371094236343,0.277724657941827,0.150389243418752,0.264427724912245,0.391763139435319
2.39000041714539,0.279242206952547,0.150482419958566,0.262910175901525,0.391669962895506
2.39628989192735,0.280758463871896,0.150594677795873,0.261393918982176,0.391557705058198
2.40257936670931,0.282273188785746,0.150725999168355,0.259879194068326,0.391426383685717
2.40886884149127,0.283786142022377,0.150876363297307,0.258366240831694,0.391276019556765
2.41515831627323,0.285297084190398,0.151045746390931,0.256855298663673,0.391106636463141
2.4214477910552,0.286805776216624,0.151234121648099,0.255346606637448,0.390918261205973
2.42773726583716,0.288311979383904,0.151441459262592,0.253840403470167,0.39071092359148
2.43402674061912,0.289815455368897,0.151667726427817,0.252336927485174,0.390484656426255
2.44031621540108,0.291315966279776,0.151912887342,0.250836416574296,0.390239495512072
2.44660569018304,0.292813274693872,0.152176903213846,0.2493391081602,0.389975479640225
2.452895164965,0.29430714369524,0.152459732268684,0.247845239158831,0.389692650585387
2.45918463974697,0.295797336912147,0.15276132975507,0.246355045941925,0.389391053099002
2.46547411452893,0.29728361855447,0.153081647951871,0.244868764299601,0.389070734902201
2.47176358931089,0.298765753451009,0.153420636175815,0.243386629403063,0.388731746678256
2.47805306409285,0.30024350708669,0.153778240789514,0.241908875767381,0.388374142064558
2.48434253887481,0.301716645639682,0.154154405209945,0.240435737214389,0.387997977644127
2.49063201365677,0.303184936018386,0.154549069917407,0.238967446835686,0.387603312936665
2.49692148843873,0.304648145898319,0.154962172464937,0.237504236955753,0.387190210389134
2.5032109632207,0.306106043758875,0.155393647488194,0.236046339095196,0.386758735365877
2.50950043800266,0.307558398919959,0.155843426715797,0.234593983934113,0.386308956138275
2.51578991278462,0.309004981578484,0.156311438980129,0.233147401275588,0.385840943873943
2.52207938756658,0.310445562844734,0.156797610228599,0.231706820009338,0.385354772625473
2.52836886234854,0.311879914778581,0.157301863535358,0.230272468075491,0.384850519318714
2.5346583371305,0.313307810425552,0.157824119113472,0.22884457242852,0.384328263740599
2.54094781191247,0.314729023852737,0.158364294327545,0.227423359001335,0.383788088526526
2.54723728669443,0.31614333018454,0.158922303706795,0.226009052669532,0.383230079147277
2.55352676147639,0.317550505638261,0.159498058958578,0.224601877215811,0.382654323895494
2.55981623625835,0.318950327559502,0.160091468982356,0.22320205529457,0.382060913871715
2.56610571104031,0.320342574457401,0.160702439884118,0.22180980839667,0.381449942969954
2.57239518582227,0.321727026039675,0.161330874991228,0.220425356814396,0.380821507862843
2.57868466060423,0.323103463247477,0.161976674867729,0.219048919606595,0.380175707986342
2.5849741353862,0.324471668290057,0.162639737330072,0.217680714564015,0.379512645524
2.59126361016816,0.325831424679224,0.163319957463284,0.216320958174847,0.378832425390788
2.59755308495012,0.327182517263601,0.164017227637572,0.214969865590471,0.378135155216499
2.60384255973208,0.328524732262663,0.164731437525352,0.213627650591409,0.37742094532872
2.61013203451404,0.329857857300569,0.165462474118702,0.212294525553502,0.37668990873537
2.616421509296,0.331181681439764,0.166210221747247,0.210970701414308,0.375942161106824
2.62271098407797,0.332495995214352,0.166974562096462,0.20965638763972,0.375177820757609
2.62900045885993,0.333800590663243,0.16775537422639,0.208351792190829,0.374397008627682
2.63528993364189,0.335095261363058,0.168552534590776,0.207057121491013,0.373599848263295
2.64157940842385,0.33637980246079,0.169365917056623,0.205772580393282,0.372786465797448
2.64786888320581,0.337654010706216,0.170195392924143,0.204498372147856,0.371956989929929
2.65415835798777,0.33891768448406,0.171040830947122,0.203234698370012,0.371111551906949
2.66044783276973,0.340170623845891,0.171902097353691,0.201981759008181,0.370250285500381
2.6667373075517,0.341412630541764,0.172779055867486,0.200739752312308,0.369373326986586
2.67302678233366,0.342643508051584,0.173671567729215,0.199508874802488,0.368480815124857
2.67931625711562,0.343863061616206,0.174579491718614,0.198289321237865,0.367572891135457
2.68560573189758,0.345071098268248,0.17550268417679,0.197081284585823,0.366649698677281
2.69189520667954,0.346267426862624,0.176440999028952,0.195884955991447,0.36571138382512
2.6981846814615,0.347451858106791,0.177394287807524,0.194700524747281,0.364758095046547
2.70447415624347,0.348624204590695,0.178362399675639,0.193528178263376,0.363789983178432
2.71076363102543,0.349784280816433,0.179345181451003,0.192368102037638,0.362807201403069
2.71705310580739,0.350931903227596,0.180342477630133,0.191220479626476,0.361809905223939
2.72334258058935,0.352066890238315,0.181354130412963,0.190085492615756,0.360798252441109
2.72963205537131,0.353189062261996,0.182379979727812,0.188963320592075,0.35977240312626
2.73592153015327,0.354298241739733,0.183419863256713,0.187854141114339,0.358732519597359
2.74221100493523,0.3553942531684,0.184473616461092,0.186758129685672,0.35767876639298
2.7485004797172,0.356476923128428,0.185541072607809,0.185675459725644,0.356611310246263
2.75478995449916,0.357546080311237,0.186622062795533,0.184606302542835,0.355530320058538
2.76107942928112,0.358601555546347,0.187716415981474,0.183550827307725,0.354435966872598
2.76736890406308,0.359643181828143,0.18882395900844,0.182509201025929,0.353328423845631
2.77365837884504,0.3606707943423,0.18994451663224,0.181481588511771,0.352207866221832
2.779947853627,0.361684230491864,0.19107791154941,0.180468152362207,0.351074471304662
2.78623732840897,0.362683329922975,0.192223964425268,0.179469052931097,0.349928418428803
2.79252680319093,0.363667934550242,0.193382493922292,0.17848444830383,0.34876988893178
2.79881627797289,0.364637888581757,0.194553316728808,0.177514494272315,0.347599066125264
2.80510575275485,0.365593038543744,0.195736247587999,0.176559344310328,0.346416135266073
2.81139522753681,0.366533233304844,0.196931099327215,0.175619149549228,0.345221283526856
2.81768470231877,0.367458324100028,0.198137682887594,0.174694058754044,0.344014699966478
2.82397417710074,0.368368164554135,0.199355807353968,0.173784218299937,0.342796575500103
2.8302636518827,0.369262610705033,0.200585279985079,0.172889772149038,0.341567102868992
2.83655312666466,0.3701415210264,0.201825906244073,0.172010861827671,0.340326476609999
2.84284260144662,0.371004756450114,0.203077489829278,0.171147626403958,0.339074893024793
2.84913207622858,0.371852180388258,0.204339832705271,0.170300202465814,0.337812550148801
2.85542155101054,0.372683658754734,0.205612735134207,0.169468724099337,0.336539647719865
2.8617110257925,0.373499059986479,0.206895995707426,0.168653322867592,0.335256387146646
2.86800050057447,0.374298255064279,0.208189411377321,0.167854127789792,0.333962971476751
2.87428997535643,0.375081117533188,0.209492777489464,0.167071265320884,0.332659605364607
2.88057945013839,0.375847523522531,0.210805887814992,0.166304859331541,0.331346495039079
2.88686892492035,0.376597351765509,0.212128534583234,0.165555031088562,0.330023848270837
2.89315839970231,0.377330483618386,0.213460508514589,0.164821899235686,0.328691874339483
2.89944787448427,0.378046803079257,0.214801598853636,0.164105579774815,0.327350784000436
2.90573734926624,0.378746196806409,0.216151593402488,0.163406186047662,0.326000789451584
2.9120268240482,0.379428554136251,0.217510278554361,0.16272382871782,0.324642104299711
2.91831629883016,0.380093767100827,0.218877439327376,0.162058615753245,0.323274943526696
2.92460577361212,0.380741730444893,0.220252859398574,0.161410652409179,0.321899523455498
2.93089524839408,0.381372341642581,0.221636321138146,0.16078004121149,0.320516061715926
2.93718472317604,0.381985500913615,0.223027605643865,0.160166881940457,0.319124777210206
2.943474197958,0.382581111239098,0.224426492775727,0.159571271614973,0.317725890078345
2.94976367273997,0.383159078376869,0.225832761190776,0.158993304477202,0.316319621663295
2.95605314752193,0.38371931087641,0.227246188378136,0.158433071977662,0.314906194475935
2.96234262230389,0.384261720093315,0.228666550694211,0.157890662760756,0.313485832159861
2.96863209708585,0.384786220203323,0.230093623398074,0.157366162650749,0.312058759455997
2.97492157186781,0.385292728215888,0.231527180687029,0.156859654638183,0.310625202167042
2.98121104664977,0.38578116398732,0.232966995732337,0.156371218866751,0.309185387121734
2.98750052143174,0.386251450233459,0.234412840715108,0.155900932620612,0.307739542138964
2.9937899962137,0.386703512541906,0.235864486862345,0.155448870312165,0.306287895991726
3.00007947099566,0.387137279383799,0.23732170448315,0.155015103470273,0.304830678370921
3.00636894577762,0.387552682125126,0.238784263005059,0.154599700728945,0.303368119849013
3.01265842055958,0.387949655037591,0.240251931010528,0.154202727816481,0.301900451843543
3.01894789534154,0.388328135309008,0.241724476273553,0.153824247545063,0.300427906580519
3.0252373701235,0.388688063053245,0.24320166579641,0.153464319800826,0.298950717057662
3.03152684490547,0.389029381319696,0.244683265846523,0.153123001534375,0.297469117007548
3.03781631968743,0.389352036102293,0.24616904199345,0.152800346751779,0.295983340860621
3.04410579446939,0.389655976348051,0.247658759145972,0.152496406506021,0.2944936237081
3.05039526925135,0.389941153965149,0.249152181589293,0.152211228888923,0.293000201264778
3.05668474403331,0.390207523830535,0.250649073022339,0.151944859023537,0.291503309831733
3.06297421881527,0.390455043797068,0.252149196595141,0.151697339057004,0.290003186258931
3.06926369359724,0.390683674700187,0.253652314946319,0.151468708153884,0.288500067907753
3.0755531683792,0.390893380364108,0.255158190240634,0.151259002489963,0.286994192613438
3.08184264316116,0.391084127607548,0.256666584206622,0.151068255246524,0.28548579864745
3.08813211794312,0.391255886248972,0.258177258174295,0.150896496605099,0.283975124679776
3.09442159272508,0.391408629111375,0.259689973112905,0.150743753742696,0.282462409741166
3.10071106750704,0.391542332026576,0.261204489668766,0.150610050827495,0.280947893185306
3.107000542289,0.391656973839046,0.262720568203125,0.150495409015026,0.279431814650947
3.11329001707097,0.391752536409252,0.26423796883008,0.150399846444819,0.277914414023991
3.11957949185293,0.391829004616532,0.265756451454539,0.150323378237539,0.276395931399532
3.12586896663489,0.391886366361483,0.267275775810207,0.150266016492588,0.274876607043864
3.13215844141685,0.391924612567877,0.268795701497603,0.150227770286194,0.273356681356468
3.13844791619881,0.391943737184098,0.270315988022099,0.150208645669973,0.271836394831973
3.14473739098077,0.391943737184098,0.271836394831972,0.150208645669973,0.270315988022099
3.15102686576274,0.391924612567877,0.273356681356468,0.150227770286194,0.268795701497603
3.1573163405447,0.391886366361483,0.274876607043864,0.150266016492588,0.267275775810207
3.16360581532666,0.391829004616532,0.276395931399532,0.150323378237539,0.265756451454539
3.16989529010862,0.391752536409252,0.277914414023991,0.150399846444819,0.26423796883008
3.17618476489058,0.391656973839046,0.279431814650947,0.150495409015026,0.262720568203125
3.18247423967254,0.391542332026576,0.280947893185306,0.150610050827495,0.261204489668766
3.1887637144545,0.391408629111375,0.282462409741166,0.150743753742696,0.259689973112905
3.19505318923647,0.391255886248972,0.283975124679776,0.150896496605099,0.258177258174295
3.20134266401843,0.391084127607548,0.285485798647449,0.151068255246524,0.256666584206622
3.20763213880039,0.390893380364109,0.286994192613438,0.151259002489963,0.255158190240634
3.21392161358235,0.390683674700187,0.288500067907753,0.151468708153884,0.253652314946319
3.22021108836431,0.390455043797068,0.290003186258931,0.151697339057004,0.252149196595141
3.22650056314627,0.390207523830535,0.291503309831733,0.151944859023537,0.250649073022338
3.23279003792824,0.389941153965149,0.293000201264778,0.152211228888923,0.249152181589293
3.2390795127102,0.389655976348051,0.2944936237081,0.152496406506021,0.247658759145972
3.24536898749216,0.389352036102293,0.295983340860621,0.152800346751779,0.24616904199345
3.25165846227412,0.389029381319696,0.297469117007548,0.153123001534375,0.244683265846523
3.25794793705608,0.388688063053246,0.298950717057662,0.153464319800826,0.24320166579641
3.26423741183804,0.388328135309008,0.300427906580518,0.153824247545063,0.241724476273553
3.27052688662,0.387949655037591,0.301900451843543,0.154202727816481,0.240251931010528
3.27681636140197,0.387552682125126,0.303368119849013,0.154599700728945,0.238784263005059
3.28310583618393,0.387137279383799,0.304830678370921,0.155015103470273,0.23732170448315
3.28939531096589,0.386703512541906,0.306287895991726,0.155448870312165,0.235864486862346
3.29568478574785,0.386251450233459,0.307739542138964,0.155900932620612,0.234412840715107
3.30197426052981,0.38578116398732,0.309185387121734,0.156371218866751,0.232966995732337
3.30826373531177,0.385292728215888,0.310625202167042,0.156859654638183,0.231527180687029
3.31455321009374,0.384786220203323,0.312058759455997,0.157366162650749,0.230093623398074
3.3208426848757,0.384261720093315,0.313485832159861,0.157890662760756,0.228666550694211
3.32713215965766,0.38371931087641,0.314906194475935,0.158433071977662,0.227246188378136
3.33342163443962,0.383159078376869,0.316319621663295,0.158993304477202,0.225832761190776
3.33971110922158,0.382581111239098,0.317725890078345,0.159571271614973,0.224426492775727
3.34600058400354,0.381985500913615,0.319124777210206,0.160166881940457,0.223027605643866
3.3522900587855,0.381372341642581,0.320516061715926,0.16078004121149,0.221636321138146
3.35857953356747,0.380741730444893,0.321899523455497,0.161410652409178,0.220252859398574
3.36486900834943,0.380093767100827,0.323274943526696,0.162058615753245,0.218877439327376
3.37115848313139,0.379428554136252,0.324642104299711,0.16272382871782,0.217510278554361
3.37744795791335,0.378746196806409,0.326000789451584,0.163406186047663,0.216151593402488
3.38373743269531,0.378046803079257,0.327350784000435,0.164105579774815,0.214801598853636
3.39002690747727,0.377330483618386,0.328691874339483,0.164821899235686,0.213460508514589
3.39631638225924,0.376597351765509,0.330023848270837,0.165555031088562,0.212128534583234
3.4026058570412,0.375847523522531,0.331346495039079,0.166304859331541,0.210805887814992
3.40889533182316,0.375081117533188,0.332659605364607,0.167071265320884,0.209492777489464
3.41518480660512,0.37429825506428,0.333962971476751,0.167854127789792,0.208189411377321
3.42147428138708,0.373499059986479,0.335256387146646,0.168653322867592,0.206895995707426
3.42776375616904,0.372683658754734,0.336539647719865,0.169468724099337,0.205612735134207
3.43405323095101,0.371852180388258,0.337812550148801,0.170300202465814,0.204339832705271
3.44034270573297,0.371004756450114,0.339074893024793,0.171147626403958,0.203077489829278
3.44663218051493,0.3701415210264,0.340326476609999,0.172010861827671,0.201825906244073
3.45292165529689,0.369262610705033,0.341567102868992,0.172889772149038,0.20058527998508
3.45921113007885,0.368368164554135,0.342796575500103,0.173784218299937,0.199355807353968
3.46550060486081,0.367458324100028,0.344014699966478,0.174694058754044,0.198137682887594
3.47179007964277,0.366533233304844,0.345221283526856,0.175619149549228,0.196931099327215
3.47807955442474,0.365593038543744,0.346416135266073,0.176559344310328,0.195736247587999
3.4843690292067,0.364637888581757,0.347599066125264,0.177514494272315,0.194553316728808
3.49065850398866,0.363667934550242,0.34876988893178,0.17848444830383,0.193382493922292
3.49694797877062,0.362683329922975,0.349928418428803,0.179469052931097,0.192223964425268
3.50323745355258,0.361684230491864,0.351074471304662,0.180468152362207,0.19107791154941
3.50952692833454,0.3606707943423,0.352207866221832,0.181481588511771,0.18994451663224
3.51581640311651,0.359643181828143,0.353328423845631,0.182509201025929,0.18882395900844
3.52210587789847,0.358601555546347,0.354435966872597,0.183550827307725,0.187716415981474
3.52839535268043,0.357546080311237,0.355530320058538,0.184606302542835,0.186622062795533
3.53468482746239,0.356476923128428,0.356611310246263,0.185675459725644,0.185541072607809
3.54097430224435,0.3553942531684,0.35767876639298,0.186758129685672,0.184473616461092
3.54726377702631,0.354298241739733,0.358732519597359,0.187854141114339,0.183419863256713
3.55355325180827,0.353189062261996,0.35977240312626,0.188963320592075,0.182379979727812
3.55984272659024,0.352066890238315,0.360798252441109,0.190085492615756,0.181354130412963
3.5661322013722,0.350931903227596,0.361809905223939,0.191220479626476,0.180342477630133
3.57242167615416,0.349784280816434,0.362807201403069,0.192368102037638,0.179345181451003
3.57871115093612,0.348624204590696,0.363789983178432,0.193528178263376,0.178362399675639
3.58500062571808,0.347451858106791,0.364758095046547,0.194700524747281,0.177394287807524
3.59129010050004,0.346267426862624,0.36571138382512,0.195884955991447,0.176440999028952
3.59757957528201,0.345071098268248,0.366649698677281,0.197081284585823,0.17550268417679
3.60386905006397,0.343863061616206,0.367572891135457,0.198289321237865,0.174579491718614
3.61015852484593,0.342643508051584,0.368480815124857,0.199508874802487,0.173671567729215
3.61644799962789,0.341412630541764,0.369373326986586,0.200739752312308,0.172779055867486
3.62273747440985,0.340170623845891,0.370250285500381,0.20198175900818,0.171902097353691
3.62902694919181,0.33891768448406,0.371111551906949,0.203234698370012,0.171040830947122
3.63531642397377,0.337654010706216,0.371956989929929,0.204498372147855,0.170195392924143
3.64160589875574,0.33637980246079,0.372786465797448,0.205772580393282,0.169365917056623
3.6478953735377,0.335095261363058,0.373599848263295,0.207057121491013,0.168552534590776
3.65418484831966,0.333800590663243,0.374397008627682,0.208351792190829,0.16775537422639
3.66047432310162,0.332495995214352,0.375177820757609,0.20965638763972,0.166974562096463
3.66676379788358,0.331181681439764,0.375942161106824,0.210970701414308,0.166210221747247
3.67305327266554,0.329857857300569,0.37668990873537,0.212294525553502,0.165462474118702
3.67934274744751,0.328524732262663,0.37742094532872,0.213627650591408,0.164731437525352
3.68563222222947,0.327182517263601,0.378135155216499,0.214969865590471,0.164017227637572
3.69192169701143,0.325831424679225,0.378832425390788,0.216320958174847,0.163319957463284
3.69821117179339,0.324471668290057,0.379512645524,0.217680714564015,0.162639737330072
3.70450064657535,0.323103463247477,0.380175707986342,0.219048919606595,0.161976674867729
3.71079012135731,0.321727026039675,0.380821507862843,0.220425356814397,0.161330874991228
3.71707959613927,0.320342574457401,0.381449942969954,0.22180980839667,0.160702439884118
3.72336907092124,0.318950327559502,0.382060913871715,0.22320205529457,0.160091468982356
3.7296585457032,0.317550505638261,0.382654323895494,0.224601877215811,0.159498058958578
3.73594802048516,0.31614333018454,0.383230079147277,0.226009052669532,0.158922303706795
3.74223749526712,0.314729023852737,0.383788088526526,0.227423359001335,0.158364294327545
3.74852697004908,0.313307810425552,0.384328263740599,0.22884457242852,0.157824119113472
3.75481644483104,0.311879914778581,0.384850519318714,0.230272468075491,0.157301863535358
3.76110591961301,0.310445562844734,0.385354772625473,0.231706820009338,0.156797610228599
3.76739539439497,0.309004981578484,0.385840943873943,0.233147401275588,0.156311438980129
3.77368486917693,0.307558398919959,0.386308956138275,0.234593983934113,0.155843426715797
3.77997434395889,0.306106043758875,0.386758735365877,0.236046339095196,0.155393647488194
3.78626381874085,0.304648145898319,0.387190210389134,0.237504236955753,0.154962172464937
3.79255329352281,0.303184936018386,0.387603312936665,0.238967446835686,0.154549069917407
3.79884276830477,0.301716645639683,0.387997977644127,0.240435737214389,0.154154405209945
3.80513224308674,0.30024350708669,0.388374142064558,0.241908875767381,0.153778240789514
3.8114217178687,0.298765753451009,0.388731746678256,0.243386629403063,0.153420636175815
3.81771119265066,0.297283618554471,0.389070734902201,0.244868764299601,0.153081647951871
3.82400066743262,0.295797336912147,0.389391053099002,0.246355045941925,0.15276132975507
3.83029014221458,0.29430714369524,0.389692650585387,0.247845239158831,0.152459732268684
3.83657961699654,0.292813274693872,0.389975479640225,0.2493391081602,0.152176903213846
3.84286909177851,0.291315966279776,0.390239495512072,0.250836416574295,0.151912887342
3.84915856656047,0.289815455368897,0.390484656426255,0.252336927485174,0.151667726427817
3.85544804134243,0.288311979383904,0.39071092359148,0.253840403470167,0.151441459262592
3.86173751612439,0.286805776216624,0.390918261205973,0.255346606637448,0.151234121648099
3.86802699090635,0.285297084190398,0.391106636463141,0.256855298663673,0.151045746390931
3.87431646568831,0.283786142022378,0.391276019556765,0.258366240831694,0.150876363297307
3.88060594047027,0.282273188785746,0.391426383685717,0.259879194068325,0.150725999168355
3.88689541525224,0.280758463871896,0.391557705058198,0.261393918982176,0.150594677795873
3.8931848900342,0.279242206952547,0.391669962895506,0.262910175901525,0.150482419958566
3.89947436481616,0.277724657941827,0.391763139435319,0.264427724912245,0.150389243418752
3.90576383959812,0.276206056958307,0.391837219934512,0.265946325895765,0.150315162919559
3.91205331438008,0.274686644287009,0.391892192671483,0.267465738567062,0.150260190182588
3.91834278916204,0.273166660341389,0.391928048948013,0.268985722512683,0.150224333906059
3.92463226394401,0.271646345625292,0.391944783090638,0.270506037228779,0.150207599763433
3.93092173872597,0.270125940694902,0.391942392451551,0.272026442159169,0.150209990402521
3.93721121350793,0.268605686120677,0.391920877409017,0.273546696733395,0.150231505445054
3.94350068828989,0.267085822449282,0.391880241367317,0.275066560404789,0.150272141486755
3.94979016307185,0.265566590165535,0.391820490756204,0.276585792688537,0.150331892097868
3.95607963785381,0.264048229654346,0.391741635029892,0.278104153199725,0.15041074782418
3.96236911263578,0.26253098116269,0.391643686665556,0.279621401691382,0.150508696188516
3.96865858741774,0.261015084761587,0.391526661161358,0.281137298092485,0.150625721692713
3.9749480621997,0.25950078030812,0.391390577033997,0.282651602545952,0.150761805820075
3.98123753698166,0.257988307407481,0.391235455815776,0.28416407544659,0.150916927038296
3.98752701176362,0.25647790537506,0.391061322051197,0.285674477479012,0.151091060802874
3.99381648654558,0.254969813198576,0.390868203293079,0.287182569655496,0.151284179560993
4.00010596132754,0.253464269500266,0.390656130098193,0.288688113353806,0.151496252755878
4.00639543610951,0.251961512499126,0.390425136022434,0.290190870354945,0.151727246831638
4.01268491089147,0.250461779973221,0.390175257615505,0.291690602880851,0.151977125238567
4.01897438567343,0.248965309222055,0.389906534415138,0.293187073632017,0.152245848438934
4.02526386045539,0.247472337029033,0.389619008940837,0.294680045825039,0.152533373913235
4.03155333523735,0.245983099623988,0.38931272668715,0.296169283230084,0.152839656166922
4.03784281001931,0.244497832645805,0.388987736116471,0.297654550208266,0.153164646737601
4.04413228480128,0.24301677110514,0.38864408865137,0.299135611748932,0.153508294202702
4.05042175958324,0.241540149347227,0.388281838666459,0.300612233506845,0.153870544187612
4.0567112343652,0.240068201014806,0.387901043479788,0.302084181839266,0.154251339374283
4.06300070914716,0.238601159011149,0.387501763343774,0.303551223842923,0.154650619510298
4.06929018392912,0.237139255463211,0.387084061435668,0.305013127390861,0.155068321418404
4.07557965871108,0.235682721684899,0.38664800384756,0.306469661169173,0.155504379006511
4.08186913349304,0.234231788140474,0.386193659575921,0.307920594713598,0.15595872327815
4.08815860827501,0.232786684408082,0.385721100510684,0.309365698445989,0.156431282343388
4.09444808305697,0.231347639143433,0.385230401423871,0.310804743710639,0.156921981430201
4.10073755783893,0.229914880043615,0.38472163995776,0.312237502810456,0.157430742896311
4.10702703262089,0.228488633811072,0.384194896612604,0.313663749043,0.157957486241468
4.11331650740285,0.22706912611773,0.383650254733887,0.315083256736341,0.158502128120185
4.11960598218481,0.22565658156929,0.383087800499143,0.316495801284781,0.159064582354928
4.12589545696678,0.224251223669689,0.382507622904316,0.317901159184382,0.159644759949755
4.13218493174874,0.222853274785737,0.381909813749681,0.319299108068335,0.160242569104391
4.1384744065307,0.221462956111929,0.381294467625316,0.320689426742142,0.160857915228756
4.14476388131266,0.220080487635451,0.380661681896137,0.322071895218621,0.161490700957935
4.15105335609462,0.218706088101366,0.380011556686492,0.323446294752706,0.16214082616758
4.15734283087658,0.217339974978006,0.379344194864319,0.324812407876065,0.162808187989753
4.16363230565854,0.215982364422564,0.378659702024867,0.326170018431508,0.163492680829204
4.16992178044051,0.214633471246886,0.377958186473993,0.327518911607186,0.164194196380079
4.17621125522247,0.213293508883488,0.377239759211017,0.328858873970584,0.164912623643055
4.18250073000443,0.211962689351782,0.376504533911168,0.33018969350229,0.165647848942904
4.18879020478639,0.210641223224528,0.375752626907589,0.331511159629543,0.166399755946483
4.19507967956835,0.209329319594519,0.374984157172936,0.332823063259553,0.167168225681136
4.20136915435031,0.208027186041491,0.374199246300551,0.334125196812581,0.167953136553521
4.20765862913228,0.206735028599284,0.373398018485221,0.335417354254788,0.168754364368851
4.21394810391424,0.205453051723238,0.37258060050353,0.336699331130834,0.169571782350542
4.2202375786962,0.204181458257843,0.371747121693796,0.337970924596229,0.170405261160275
4.22652705347816,0.202920449404645,0.37089771393561,0.339231933449426,0.171254668918462
4.23281652826012,0.20167022469041,0.370032511628965,0.340482158163662,0.172119871225106
4.23910600304208,0.200430981935549,0.369151651672993,0.341721400918523,0.173000731181078
4.24539547782405,0.199202917222824,0.368255273444303,0.342949465631247,0.173897109409769
4.25168495260601,0.197986224866319,0.367343518774926,0.344166157987753,0.174808864079146
4.25797442738797,0.196781097380692,0.366416531929876,0.345371285473379,0.175735850924196
4.26426390216993,0.195587725450718,0.365474459584321,0.346564657403354,0.17667792326975
4.27055337695189,0.194406297901113,0.364517450800378,0.347746084952958,0.177634932053694
4.27684285173385,0.193237001666662,0.363545657003522,0.34891538118741,0.17860672585055
4.28313232651581,0.192080021762635,0.362559231958632,0.350072361091437,0.17959315089544
4.28942180129777,0.190935541255516,0.361558331745656,0.351216841598556,0.180594051108415
4.29571127607974,0.189803741234036,0.36054311473492,0.352348641620035,0.181609268119152
4.3020007508617,0.18868480078052,0.359513741562065,0.353467582073551,0.182638641292007
4.30829022564366,0.18757889694255,0.35847037510263,0.354573485911521,0.183682007751441
4.31457970042562,0.186486204704952,0.357413180446286,0.35566617814912,0.184739202407786
4.32086917520758,0.185406896962109,0.356342324870708,0.356745485891963,0.185810057983364
4.32715864998954,0.184341144490602,0.355257977815108,0.35781123836347,0.186894405038963
4.33344812477151,0.183289115922193,0.354160310853431,0.358863266931879,0.187992072000641
4.33973759955347,0.182250977717136,0.353049497667196,0.359901405136936,0.189102885186876
4.34602707433543,0.181226894137846,0.351925714018028,0.360925488716225,0.190226668836044
4.35231654911739,0.180217027222903,0.350789137719836,0.361935355631169,0.191363245134236
4.35860602389935,0.179221536761412,0.349639948610685,0.36293084609266,0.192512434243386
4.36489549868131,0.178240580267725,0.348478328524339,0.363911802586347,0.193674054329733
4.37118497346328,0.177274312956514,0.347304461261487,0.364878069897557,0.194847921592584
4.37747444824524,0.176322887718213,0.346118532560666,0.365829495135858,0.196033850293406
4.3837639230272,0.175386455094826,0.344920730068865,0.366765927759246,0.197231652785207
4.39005339780916,0.174465163256106,0.34371124331184,0.367687219597966,0.198441139542232
4.39634287259112,0.173559157976113,0.342490263664125,0.368593224877958,0.199662119189947
4.40263234737308,0.172668582610149,0.341257984318746,0.369483800243923,0.200894398535325
4.40892182215505,0.171793578072068,0.340014600256661,0.370358804782003,0.202137782597411
4.41521129693701,0.170934282811991,0.338760308215899,0.371218100042081,0.203392074638173
4.42150077171897,0.170090832794389,0.337495306660439,0.372061550059683,0.204657076193632
4.42779024650093,0.169263361476575,0.336219795748803,0.372889021377497,0.205932587105269
4.43407972128289,0.168451999787585,0.334933977302384,0.373700383066486,0.207218405551688
4.44036919606485,0.167656876107466,0.333638054773518,0.374495506746605,0.208514328080554
4.44665867084681,0.166878116246956,0.332332233213286,0.375274266607116,0.209820149640786
4.45294814562878,0.16611584342758,0.331016719239072,0.376036539426492,0.211135663614999
4.45923762041074,0.165370178262155,0.329691721001873,0.376782204591916,0.212460661852199
4.4655270951927,0.164641238735705,0.328357448153357,0.377511144118366,0.213794934700715
4.47181656997466,0.163929140186789,0.327014111812696,0.378223242667282,0.215138271041376
4.47810604475662,0.163233995289255,0.325661924533158,0.378918387564817,0.216490458320913
4.48439551953858,0.16255591403441,0.32430110026848,0.379596468819662,0.217851282585592
4.49068499432054,0.161895003713618,0.322931854339006,0.380257379140453,0.219220528515065
4.49697446910251,0.161251368901322,0.321554403397626,0.38090101395275,0.220597979456446
4.50326394388447,0.160625111438496,0.320168965395489,0.381527271415575,0.221983417458582
4.50955341866643,0.160016330416536,0.318775759547522,0.382136052437536,0.22337662330655
4.51584289344839,0.159425122161575,0.31737500629774,0.382727260692497,0.224777376556332
4.52213236823035,0.158851580219246,0.315966927284368,0.383300802634826,0.226185455569704
4.52842184301231,0.158295795339876,0.314551745304772,0.383856587514195,0.2276006375493
4.53471131779428,0.157757855464134,0.313129684280203,0.384394527389937,0.229022698573868
4.54100079257624,0.157237845709108,0.311700969220373,0.384914537144964,0.230451413633699
4.5472902673582,0.156735848354842,0.310265826187843,0.38541653449923,0.231886556666229
4.55357974214016,0.156251942831316,0.308824482262261,0.385900440022756,0.23332790059181
4.55986921692212,0.155786205705878,0.307377165504431,0.386366177148193,0.234775217349641
4.56615869170408,0.155338710671129,0.305924104920221,0.386813672182943,0.236228277933851
4.57244816648605,0.154909528533262,0.304465530424336,0.38724285432081,0.237686852429735
4.57873764126801,0.154498727200858,0.303001672803935,0.387653655653213,0.239150710050136
4.58502711604997,0.154106371674146,0.301532763682115,0.388046011179926,0.240619619171957
4.59131659083193,0.153732524034709,0.300059035481259,0.388419858819363,0.242093347372812
4.59760606561389,0.15337724343567,0.298580721386266,0.388775139418402,0.243571661467806
4.60389554039585,0.153040586092326,0.297098055307649,0.389111796761745,0.245054327546423
4.61018501517781,0.152722605273258,0.295611271844527,0.389429777580814,0.246541111009545
4.61647448995978,0.152423351291898,0.294120606247503,0.389729031562174,0.248031776606568
4.62276396474174,0.15214287149857,0.292626294381444,0.390009511355502,0.249526088472627
4.6290534395237,0.151881210273,0.291128572688157,0.390271172581072,0.251023810165914
4.63534291430566,0.151638409017289,0.289627678148979,0.390513973836783,0.252524704705093
4.64163238908762,0.151414506149368,0.28812384824728,0.390737876704704,0.254028534606792
4.64792186386958,0.151209537096913,0.286617320930884,0.390942845757158,0.255535061923188
4.65421133865155,0.151023534291745,0.285108334574425,0.391128848562326,0.257044048279646
4.66050081343351,0.150856527164694,0.283597127941624,0.391295855689377,0.258555254912448
4.66679028821547,0.150708542140945,0.28208394014751,0.391443840713127,0.260068442706562
4.67307976299743,0.150579602635855,0.280569010620589,0.391572780218217,0.261583372233483
4.67936923777939,0.150469729051249,0.279052579064958,0.391682653802823,0.263099803789114
4.68565871256135,0.150378938772193,0.277534885422374,0.391773444081879,0.264617497431698
4.69194818734332,0.15030724616424,0.276016169834295,0.391845136689832,0.266136213019777
4.69823766212528,0.15025466257116,0.274496672603877,0.391897720282912,0.267655710250195
4.70452713690724,0.150221196313143,0.272976634157954,0.391931186540928,0.269175748696118
4.7108166116892,0.150206852685486,0.271456295008996,0.391945530168585,0.270696087845076
4.71710608647116,0.15021163395775,0.269935895717051,0.391940748896321,0.27221648713702
4.72339556125312,0.150235539373404,0.268415676851686,0.391916843480667,0.273736706002385
4.72968503603508,0.150278565149946,0.266895878953918,0.391873817704126,0.275256503900154
4.73597451081705,0.150340704479496,0.265376742498153,0.391811678374575,0.276775640355918
4.74226398559901,0.150421947529881,0.263858507854143,0.39173043532419,0.278293874999929
4.74855346038097,0.150522281446185,0.262341415248944,0.391630101407887,0.279810967605127
4.75484293516293,0.150641690352784,0.260825704728913,0.391510692501288,0.281326678125159
4.76113240994489,0.150780155355859,0.259311616121719,0.391372227498213,0.282840766732352
4.76742188472685,0.150937654546385,0.257799388998403,0.391214728307687,0.284352993855669
4.77371135950882,0.151114163003599,0.256289262635465,0.391038219850473,0.285863120218607
4.78000083429078,0.151309652798941,0.254781475977006,0.390842730055131,0.287370906877066
4.78629030907274,0.151524093000473,0.253276267596921,0.390628289853599,0.28887611525715
4.7925797838547,0.151757449677776,0.251773875661151,0.390394933176296,0.29037850719292
4.79886925863666,0.152009685907316,0.250274537889995,0.390142696946755,0.291877844964077
4.80515873341862,0.152280761778289,0.248778491520497,0.389871621075783,0.293373891333574
4.81144820820058,0.152570634398931,0.247285973268913,0.389581748455141,0.294866409585158
4.81773768298255,0.152879257903311,0.24579721929325,0.38927312495076,0.296355163560821
4.82402715776451,0.153206583458585,0.244312465155901,0.388945799395486,0.29783991769817
4.83031663254647,0.153552559272722,0.242831945786375,0.38859982358135,0.299320437067696
4.83660610732843,0.1539171306027,0.241355895444122,0.388235252251372,0.30079648740995
4.84289558211039,0.154300239763169,0.239884547681465,0.387852143090903,0.302267835172607
4.84918505689235,0.154701826135575,0.238418135306651,0.387450556718496,0.30373424754742
4.85547453167431,0.155121826177758,0.236956890347011,0.387030556676314,0.305195492507061
4.86176400645628,0.155560173433997,0.235501044012243,0.386592209420075,0.306651338841829
4.86805348123824,0.156016798545533,0.234050826657835,0.386135584308539,0.308101556196236
4.8743429560202,0.15649162926154,0.232606467748615,0.385660753592532,0.309545915105457
4.88063243080216,0.156984590450558,0.231168195822437,0.385167792403513,0.310984187031635
4.88692190558412,0.157495604112381,0.229736238454028,0.384656778741691,0.312416144400044
4.89321138036608,0.158024589390396,0.228310822218975,0.384127793463675,0.313841560635096
4.89950085514805,0.158571462584383,0.226892172657875,0.383580920269689,0.315260210196196
4.90579032993001,0.15913613716375,0.225480514240649,0.383016245690321,0.316671868613422
4.91207980471197,0.159718523781235,0.224076070331024,0.382433859072837,0.318076312523048
4.91836927949393,0.160318530287033,0.222679063151189,0.381833852567039,0.319473319702882
4.92465875427589,0.160936061743384,0.221289713746638,0.381216321110688,0.320862669107433
4.93094822905785,0.16157102043959,0.219908241951189,0.380581362414481,0.322244140902883
4.93723770383982,0.162223305907481,0.218534866352204,0.379929076946591,0.323617516501868
4.94352717862178,0.162892814937305,0.217169804256,0.379259567916766,0.324982578598072
4.94981665340374,0.163579441594064,0.215813271653466,0.378572941260007,0.326339111200606
4.9561061281857,0.164283077234275,0.214465483185888,0.377869305619797,0.327686899668183
4.96239560296766,0.165003610523156,0.213126652110986,0.377148772330915,0.329025730743085
4.96868507774962,0.16574092745225,0.211796990269171,0.376411455401822,0.330355392584901
4.97497455253158,0.166494911357457,0.210476708050023,0.375657471496614,0.331675674804049
4.98126402731355,0.167265442937499,0.209166014359007,0.374886939916572,0.332986368495064
4.98755350209551,0.168052400272793,0.207865116584416,0.374099982581279,0.334287266269656
4.99384297687747,0.168855658844742,0.206574220564553,0.37329672400933,0.335578162289519
5.00013245165943,0.169675091555442,0.205293530555165,0.37247729129863,0.336858852298906
5.00642192644139,0.170510568747788,0.204023249197127,0.371641814106284,0.338129133656945
5.01271140122335,0.171361958225988,0.202763577484371,0.370790424628083,0.339388805369701
5.01900087600531,0.172229125276488,0.201514714732089,0.369923257577584,0.340637668121983
5.02529035078728,0.173111932689277,0.200276858545194,0.369040450164795,0.341875524308878
5.03157982556924,0.174010240779605,0.199050204787053,0.368142142074467,0.343102178067019
5.0378693003512,0.174923907410082,0.197834947548498,0.36722847544399,0.344317435305574
5.04415877513316,0.175852788013169,0.196631279117111,0.366299594840902,0.345521103736961
5.05044824991512,0.176796735614053,0.195439389946803,0.365355647240019,0.346712992907269
5.05673772469708,0.177755600853898,0.194259468627678,0.364396782000173,0.347892914226393
5.06302719947905,0.178729232013488,0.193091701856193,0.363423150840584,0.349060680997879
5.06931667426101,0.17971747503722,0.191936274405613,0.362434907816851,0.350216108448459
5.07560614904297,0.180720173557492,0.190793369096782,0.361432209296579,0.35135901375729
5.08189562382493,0.181737168919436,0.18966316676919,0.360415213934636,0.352489216084882
5.08818509860689,0.182768300206026,0.188545846252362,0.359384082648046,0.353606536601709
5.09447457338885,0.183813404263539,0.187441584337562,0.358338978590532,0.35471079851651
5.10076404817082,0.18487231572737,0.186350555749816,0.357280067126702,0.355801827104255
5.10705352295278,0.185944867048195,0.185272933120273,0.356207515805876,0.356879449733799
5.11334299773474,0.187030888518489,0.184208886958882,0.355121494335583,0.35794349589519
5.1196324725167,0.188130208299369,0.183158585627417,0.354022174554703,0.358993797226655
5.12592194729866,0.18924265244779,0.182122195312838,0.352909730406282,0.360030187541233
5.13221142208062,0.190368044944067,0.181099880000994,0.351784337910005,0.361052502853078
5.13850089686258,0.191506207719725,0.180091801450674,0.350646175134347,0.362060581403398
5.14479037164455,0.192656960685674,0.179098119168015,0.349495422168397,0.363054263686056
5.15107984642651,0.193820121760706,0.178118990381266,0.348332261093366,0.364033392472805
5.15736932120847,0.194995506900302,0.177154570015904,0.34715687595377,0.364997812838168
5.16365879599043,0.196182930125757,0.176205010670123,0.345969452728315,0.365947372183949
5.16994827077239,0.197382203553605,0.175270462590692,0.344770179300467,0.36688192026338
5.17623774555435,0.198593137425346,0.174351073649178,0.343559245428726,0.367801309204894
5.18252722033631,0.199815540137474,0.173446989318548,0.342336842716597,0.368705393535524
5.18881669511828,0.201049218271794,0.172558352650155,0.341103164582278,0.369594030203916
5.19510616990024,0.202293976626021,0.171685304251101,0.339858406228051,0.370467078602971
5.2013956446822,0.203549618244673,0.170827982261987,0.338602764609399,0.371324400592085
5.20768511946416,0.204815944450231,0.169986522335059,0.337336438403841,0.372165860519012
5.21397459424612,0.206092754874578,0.169161057612743,0.336059627979493,0.372991325241328
5.22026406902808,0.207379847490699,0.168351718706576,0.334772535363372,0.373800664147495
5.22655354381005,0.208677018644652,0.167558633676543,0.33347536420942,0.374593749177529
5.23284301859201,0.209984063087786,0.16678192801081,0.332168319766286,0.375370454843261
5.23913249337397,0.211300774009223,0.166021724605873,0.330851608844848,0.376130658248198
5.24542196815593,0.212626943068578,0.16527814374711,0.329525439785493,0.376874239106961
5.25171144293789,0.213962360428924,0.164551303089748,0.328190022425147,0.377601079764324
5.25800091771985,0.215306814789997,0.163841317640247,0.326845568064075,0.378311065213825
5.26429039250182,0.216660093421624,0.163148299738104,0.325492289432448,0.379004083115968
5.27057986728378,0.218021982197389,0.162472359038076,0.324130400656683,0.379680023815996
5.27686934206574,0.219392265628511,0.161813602492831,0.322760117225561,0.38033878036124
5.2831588168477,0.220770726897939,0.161172134336025,0.321381655956133,0.380980248518047
5.28944829162966,0.222157147894661,0.160548056065807,0.319995234959411,0.381604326788264
5.29573776641162,0.223551309248214,0.159941466428764,0.318601073605858,0.382210916425308
5.30202724119358,0.224952990363394,0.15935246140429,0.317199392490677,0.382799921449782
5.30831671597555,0.226361969455163,0.158781134189406,0.315790413398908,0.383371248664666
5.31460619075751,0.227778023583738,0.158227575184009,0.314374359270334,0.383924807670063
5.32089566553947,0.229200928689867,0.157691871976569,0.312951454164205,0.384460510877503
5.32718514032143,0.230630459630284,0.157174109330273,0.311521923223788,0.384978273523799
5.33347461510339,0.232066390213331,0.15667436916961,0.31008599264074,0.385478013684462
5.33976408988535,0.233508493234748,0.156192730567408,0.308643889619324,0.385959652286663
5.34605356466732,0.234956540513621,0.155729269732326,0.30719584234045,0.386423113121746
5.35234303944928,0.236410302928493,0.155284059996791,0.305742079925578,0.386868322857281
5.35863251423124,0.23786955045361,0.154857171805399,0.304282832400461,0.387295211048673
5.3649219890132,0.239334052195321,0.154448672703765,0.302818330658751,0.387703710150307
5.37121146379516,0.240803576428611,0.154058627327839,0.30134880642546,0.388093755526233
5.37750093857712,0.242277890633769,0.153687097393676,0.299874492220302,0.388465285460396
5.38379041335909,0.243756761533175,0.153334141687672,0.298395621320897,0.3888182411664
5.39007988814105,0.245239955128212,0.152999816057262,0.296912427725859,0.38915256679681
5.39636936292301,0.246727236736295,0.152684173402083,0.295425146117777,0.389468209451988
5.40265883770497,0.248218371027999,0.152387263665606,0.293934011826073,0.389765119188465
5.40894831248693,0.249713122064297,0.152109133827231,0.292439260789775,0.39004324902684
5.41523778726889,0.251211253333893,0.151849827894854,0.290941129520178,0.390302554959218
5.42152726205085,0.252712527790645,0.151609386897903,0.289439855063426,0.390542995956168
5.42781673683282,0.254216707891069,0.151387848880851,0.287935674963003,0.390764533973221
5.43410621161478,0.255723555631927,0.151185248897188,0.286428827222145,0.390967133956883
5.44039568639674,0.257232832587888,0.151001619003883,0.284919550266184,0.391150763850189
5.4466851611787,0.258744299949249,0.150836988256304,0.283408082904823,0.391315394597768
5.45297463596066,0.260257718559726,0.150691382703627,0.281894664294345,0.391461000150445
5.45926411074262,0.261772848954292,0.150564825384711,0.280379533899779,0.391587557469361
5.46555358552459,0.263289451397068,0.150457336324452,0.278862931457003,0.39169504652962
5.47184306030655,0.264807285919256,0.150368932530617,0.277345096934815,0.391783450323454
5.47813253508851,0.266326112357108,0.150299627991153,0.275826270496963,0.391852754862919
5.48442200987047,0.267845690389929,0.150249433671969,0.274306692464143,0.391902949182103
5.49071148465243,0.269365779578099,0.150218357515206,0.272786603275973,0.391934025338866
5.49700095943439,0.270886139401119,0.150206404437979,0.271266243452953,0.391945978416092
5.50329043421635,0.272406529295669,0.150213576331599,0.269745853558402,0.391938806522473
5.50957990899832,0.273926708693672,0.150239872061271,0.2682256741604,0.3919125107928
5.51586938378028,0.275446437060353,0.150285287466278,0.266705945793718,0.391867095387793
5.52215885856224,0.276965473932309,0.150349815360637,0.265186908921763,0.391802567493435
5.5284483333442,0.278483578955544,0.150433445534235,0.263668803898528,0.391718937319837
5.53473780812616,0.280000511923512,0.150536164754446,0.262151870930559,0.391616218099625
5.54102728290812,0.281516032815116,0.150657956768226,0.260636350038955,0.391494426085846
5.54731675769009,0.28302990183269,0.150798802304682,0.259122481021381,0.39135358054939
5.55360623247205,0.28454187943994,0.150958679078121,0.257610503414132,0.39119370377595
5.55989570725401,0.286051726399845,0.151137561791582,0.256100656454227,0.39101482106249
5.56618518203597,0.287559203812513,0.151335422140829,0.254593179041558,0.390816960713243
5.57247465681793,0.289064073152981,0.151552228818838,0.253088309701091,0.390600154035234
5.57876413159989,0.290566096308954,0.151787947520747,0.251586286545117,0.390364435333324
5.58505360638185,0.292065035618484,0.152042540949284,0.250087347235587,0.390109841904787
5.59134308116382,0.293560653907574,0.152315968820669,0.248591728946498,0.389836414033402
5.59763255594578,0.295052714527703,0.152608187870989,0.247099668326369,0.389544194983083
5.60392203072774,0.296540981393274,0.152919151863039,0.245611401460797,0.389233230991032
5.6102115055097,0.298025219018968,0.153248811593647,0.244127163835104,0.388903571260425
5.61650098029166,0.299505192557003,0.153597114901449,0.242647190297069,0.388555267952623
5.62279045507362,0.300980667834295,0.153964006675149,0.241171715019776,0.388188376178923
5.62907992985559,0.302451411389511,0.154349428862238,0.239700971464561,0.387802953991834
5.63536940463755,0.303917190510007,0.154753320478178,0.238235192344064,0.387399062375894
5.64165887941951,0.305377773268653,0.155175617616052,0.236774609585419,0.38697676523802
5.64794835420147,0.306832928560526,0.155616253456678,0.235319454293546,0.386536129397394
5.65423782898343,0.308282426139481,0.156075158279177,0.233869956714591,0.386077224574895
5.66052730376539,0.30972603665458,0.15655225947201,0.232426346199491,0.385600123382061
5.66681677854735,0.311163531686385,0.157047481544465,0.230988851167687,0.385104901309607
5.67310625332932,0.312594683783095,0.157560746138598,0.229557699070976,0.384591636715473
5.67939572811128,0.314019266496541,0.15809197204164,0.228133116357531,0.384060410812432
5.68568520289324,0.31543705441801,0.158641075198838,0.226715328436061,0.383511307655234
5.6919746776752,0.316847823213918,0.15920796872676,0.225304559640153,0.382944414127312
5.69826415245716,0.318251349661302,0.159792562927043,0.22390103319277,0.382359819927029
5.70455362723912,0.319647411683138,0.160394765300582,0.222504971170933,0.38175761755349
5.71084310202109,0.321035788383485,0.161014480562169,0.221116594470587,0.381137902291903
5.71713257680305,0.322416260082433,0.161651610655568,0.219736122771639,0.380500772198504
5.72342205158501,0.323788608350863,0.162306054769031,0.218363774503209,0.379846328085041
5.72971152636697,0.32515261604501,0.16297770935125,0.216999766809062,0.379174673502822
5.73600100114893,0.326508067340821,0.163666468127741,0.21564431551325,0.378485914726331
5.74229047593089,0.327854747768104,0.164372222117658,0.214297635085968,0.377780160736414
5.74857995071285,0.32919244424446,0.16509485965104,0.212959938609612,0.377057523203032
5.75486942549482,0.330520945109005,0.165834266386478,0.211631437745066,0.376318116467594
5.76115890027678,0.331840040155857,0.166590325329207,0.210312342698214,0.375562057524864
5.76744837505874,0.333149520667395,0.16736291684962,0.209002862186677,0.374789466004452
5.7737378498407,0.334449179447285,0.168151918702193,0.207703203406787,0.374000464151879
5.78002732462266,0.335738810853267,0.168957206044832,0.206413572000805,0.37319517680924
5.78631679940462,0.33701821082969,0.169778651458622,0.205134172024381,0.37237373139545
5.79260627418659,0.338287176939801,0.170616124967993,0.20386520591427,0.371536257886078
5.79889574896855,0.339545508397776,0.171469494061282,0.202606874456296,0.370682888792789
5.80518522375051,0.340793006100487,0.172338623711702,0.201359376753584,0.369813759142369
5.81147469853247,0.342029472659012,0.173223376398706,0.20012291019506,0.368929006455366
5.81776417331443,0.34325471242986,0.174123612129746,0.198897670424212,0.368028770724326
5.82405364809639,0.344468531545933,0.175039188462426,0.197683851308138,0.367113194391646
5.83034312287835,0.3456707379472,0.175969960527039,0.196481644906872,0.366182422327033
5.83663259766032,0.346861141411082,0.176915781049489,0.19529124144299,0.365236601804583
5.84292207244228,0.348039553582556,0.177876500374594,0.194112829271515,0.364275882479478
5.84921154722424,0.349205788003956,0.178851966489766,0.192946594850115,0.363300416364305
5.8555010220062,0.350359660144476,0.179842025049066,0.191792722709595,0.362310357805006
5.86179049678816,0.351500987429366,0.180846519397619,0.190651395424706,0.361305863456452
5.86807997157012,0.352629589268822,0.18186529059641,0.18952279358525,0.360287092257662
5.87436944635209,0.353745287086562,0.182898177447425,0.188407095767509,0.359254205406647
5.88065892113405,0.35484790434808,0.183945016519161,0.187304478505992,0.358207366334911
5.88694839591601,0.355937266588576,0.185005642172486,0.186215116265496,0.357146740681586
5.89323787069797,0.357013201440566,0.186079886586844,0.185139181413505,0.356072496267227
5.89952734547993,0.358075538661155,0.187167579786814,0.184076844192916,0.354984803067257
5.90581682026189,0.35912411015897,0.188268549669,0.183028272695102,0.353883833185071
5.91210629504385,0.360158750020759,0.189382622029265,0.181993632833313,0.352769760824806
5.91839576982582,0.361179294537644,0.190509620590295,0.180973088316427,0.351642762263776
5.92468524460778,0.362185582231025,0.191649367029491,0.179966800623046,0.35050301582458
5.93097471938974,0.363177453878127,0.192801681007183,0.178974928975944,0.349350701846888
5.9372641941717,0.364154752537197,0.193966380195167,0.177997630316875,0.348186002658905
5.94355366895366,0.365117323572334,0.195143280305552,0.177035059281738,0.347009102548519
5.94984314373562,0.366065014677958,0.196332195119924,0.176087368176114,0.345820187734148
5.95613261851759,0.366997675902909,0.197532936518803,0.175154706951163,0.344619446335269
5.96242209329955,0.367915159674173,0.198745314511417,0.174237223179899,0.343407068342655
5.96871156808151,0.368817320820234,0.19996913726576,0.173335062033838,0.342183245588312
5.97500104286347,0.36970401659404,0.201204211138945,0.172448366260032,0.340948171715126
5.98129051764543,0.370575106695594,0.202450340707844,0.171577276158478,0.339702042146228
5.98757999242739,0.37143045329415,0.20370732880001,0.170721929559922,0.338445054054062
5.99386946720936,0.372269921050026,0.204974976524875,0.169882461804046,0.337177406329197
6.00015894199132,0.373093377136012,0.206253083305219,0.16905900571806,0.335899299548853
6.00644841677328,0.373900691258393,0.207541446908909,0.168251691595679,0.334610935945163
6.01273789155524,0.374691735677563,0.208839863480895,0.167460647176509,0.333312519373176
6.0190273663372,0.375466385228235,0.21014812757547,0.166685997625836,0.332004255278602
6.02531684111916,0.376224517339249,0.21146603218877,0.165927865514822,0.330686350665301
6.03160631590112,0.376966012052964,0.212793368791536,0.165186370801107,0.329359014062535
6.03789579068309,0.377690752044239,0.214129927362103,0.164461630809832,0.328022455491969
6.04418526546505,0.378398622638998,0.215475496419635,0.163753760215073,0.326676886434437
6.05047474024701,0.379089511832373,0.216829863057583,0.163062871021699,0.325322519796489
6.05676421502897,0.379763310306426,0.218192812977379,0.162389072547645,0.323959569876693
6.06305368981093,0.380419911447452,0.219564130522338,0.161732471406619,0.322588252331733
6.06934316459289,0.381059211362839,0.220943598711785,0.161093171491233,0.321208784142286
6.07563263937485,0.381681108897513,0.222330999275384,0.160471273956559,0.319821383578687
6.08192211415682,0.382285505649942,0.223726112687678,0.15986687720413,0.318426270166393
6.08821158893878,0.382872305987706,0.225128718202821,0.159280076866365,0.31702366465125
6.09450106372074,0.383441417062628,0.226538593889508,0.158710965791443,0.315613788964564
6.1007905385027,0.383992748825467,0.227955516666089,0.158159634028605,0.314196866187982
6.10708001328466,0.384526214040162,0.22937926233587,0.15762616881391,0.312773120518201
6.11336948806662,0.38504172829764,0.230809605622583,0.157110654556431,0.311342777231488
6.11965896284859,0.385539210029172,0.232246320206035,0.1566131728249,0.309906062648037
6.12594843763055,0.386018580519273,0.233689178757913,0.156133802334798,0.308463204096158
6.13223791241251,0.386479763918166,0.235137952977761,0.155672618935906,0.307014429876311
6.13852738719447,0.386922687253775,0.236592413629096,0.155229695600296,0.305559969224975
6.14481686197643,0.387347280443279,0.238052330575685,0.154805102410793,0.304100052278387
6.15110633675839,0.387753476304193,0.239517472817955,0.154398906549879,0.302634910036117
6.15739581154036,0.388141210565007,0.240987608529548,0.154011172289065,0.301164774324523
6.16368528632232,0.388510421875347,0.242462505093998,0.153641960978725,0.299689877760073
6.16997476110428,0.388861051815688,0.24394192914154,0.153291331038383,0.298210453712532
6.17626423588624,0.389193044906598,0.245425646586035,0.152959337947474,0.296726736268037
6.1825537106682,0.389506348617509,0.246913422662008,0.152646034236562,0.295238960192064
6.18884318545016,0.38980091337504,0.248405021961797,0.152351469479032,0.293747360892275
6.19513266023212,0.39007669257083,0.249900208472797,0.152075690283241,0.292252174381274
6.20142213501409,0.390333642568922,0.25139874561481,0.15181874028515,0.290753637239262
6.20771160979605,0.390571722712659,0.25290039627747,0.151580660141412,0.289251986576602
6.21400108457801,0.390790895331125,0.254404922857768,0.151361487522946,0.287747459996304
6.22029055935997,0.390991125745099,0.255912087297645,0.151161257108973,0.286240295556427
6.22658003414193,0.391172382272546,0.257421651121657,0.150980000581525,0.284730731732414
6.23286950892389,0.391334636233629,0.258933375474713,0.150817746620442,0.283219007379358
6.23915898370586,0.391477861955247,0.260447021159864,0.150674520898825,0.281705361694207
6.24544845848782,0.391602036775096,0.261962348676154,0.150550346078975,0.280190034177918
6.25173793326978,0.391707141045258,0.263479118256513,0.150445241808813,0.278673264597558
6.25802740805174,0.391793158135306,0.264997089905698,0.150359224718765,0.277155292948373
6.2643168828337,0.391860074434938,0.266516023438264,0.150292308419134,0.275636359415808
6.27060635761566,0.391907879356129,0.268035678516569,0.150244503497943,0.274116704337502
6.27689583239763,0.391936565334807,0.269555814688804,0.150215817519264,0.272596568165267
6.28318530717959,0.391946127832051,0.271076191427036,0.15020625502202,0.271076191427036
