"Wavelength","ATTO 488 EM","Cy3B EM","ATTO 565 EM","ATTO 590 EM","ATTO 610 EM","ATTO 647N EM","Alexa Fluor 514 EM","ATTO 740 EM","Alexa Fluor 700 EM","Janelia Fluor JF724-HaloTag conjugate EM"
475,0.00111515151757576
476,0.00091212120939394
477,0.000867099565930736
478,0.000980086587186147
479,0.00125108227316017
480,0.00173593077878788,,,,,,0.0011
481,0.00219047627619047,,,,,,0.0002
482,0.00287878798744588,,,,,,0.0013
483,0.00355411272207792,,,,,,0.0014
484,0.00450216464199134,,,,,,0.0014
485,0.00574025975930735,,,,,,0.0012
486,0.00735064948484847,,,,,,0.0017
487,0.00952813870346319,,,,,,0.0012
488,0.0123073593341991,,,,,,0.0013
489,0.0156580090948052,,,,,,0.001
490,0.0198787884502164,,,,,,0.001
491,0.0251774895116883,,,,,,0.001
492,0.0318701297359307,,,,,,0.0007
493,0.0401125546839826,,,,,,0.0008
494,0.0506623382380952,,,,,,0.0003
495,0.0632943726969696,,,,,,0.0001
496,0.0787575759004328,,,,,,0.0003
497,0.0980129864718613,,,,,,0.0011
498,0.120268399,,,,,,0.0016
499,0.146411256744589,,,,,,0.0026
500,0.176632035515151,,,,,,0.0032
501,0.210588748930736,,,,,,0.0043
502,0.248935069264069,,,,,,0.0056
503,0.29145454991342,,,,,,0.0072
504,0.33903463025974,,,,,,0.0093
505,0.390800855757575,,,,,,0.0121
506,0.443883106493506,,,,,,0.0145
507,0.499835487316017,,,,,,0.0195
508,0.556874443722943,,,,,,0.0234
509,0.613852805714285,,,,,,0.0292
510,0.669666662857142,,,,,,0.0366
511,0.7235974004329,,,,,,0.0444
512,0.774181816839826,,,,,,0.0555
513,0.820688307056276,,,,,,0.0669
514,0.862025970259739,,,,,,0.0811
515,0.899025970606059,,,,,,0.0969
516,0.93023376164502,,,,,,0.1146
517,0.957233765757574,,,,,,0.1358
518,0.976445893506492,,,,,,0.163
519,0.98997403181818,,,,,,0.1908
520,0.995822517359306,0.0054,,,,,0.2212
521,0.998398268528137,0.0054,,,,,0.2563
522,0.997095234718613,0.0054,,,,,0.291
523,0.990090904805193,0.0054,,,,,0.3357
524,0.979134198961038,0.0054,,,,,0.3789
525,0.96645022151515,0.0054,,,,,0.4198
526,0.949510835281384,0.0054,,,,,0.467
527,0.929558448917748,0.0054,,,,,0.516
528,0.906978359567098,0.0054,,,,,0.5648
529,0.884506499999999,0.0054,,,,,0.6174
530,0.860844163809523,0.0054,,,,,0.6679
531,0.834489189826839,0.0072,,,,,0.7145
532,0.807393955670995,0.009,0.00100606060666667,,,,0.7629
533,0.781160193376622,0.009,0.000951515146666666,,,,0.8036
534,0.754727287835497,0.009,0.00095541125095238,,,,0.8447
535,0.72790044099567,0.0108,0.00101774891952381,,,,0.884
536,0.701415594935064,0.0125,0.00113852815238095,,,,0.9102
537,0.675692649696969,0.0143,0.00128138532770563,,,,0.9426
538,0.650770561991341,0.0179,0.00150649355411255,,,,0.9609
539,0.62638095103896,0.0197,0.00196969703593073,,,,0.983
540,0.602160168095237,0.0197,0.00245021657099567,,,,0.9909
541,0.580021643809523,0.0233,0.00287878798138528,,,,0.9962
542,0.558783544718614,0.0322,0.00347619054675324,,,,0.9978
543,0.539199129437229,0.0357,0.00432900447662337,,,,1
544,0.519987012640692,0.0393,0.00538961053766233,,,,0.9851
545,0.502857136709956,0.0465,0.00652380965714285,,,,0.9839
546,0.48634631047619,0.0573,0.0080389612090909,,,,0.9673
547,0.470744579783549,0.0716,0.00997402596536795,,,,0.9478
548,0.455727267922077,0.0858,0.0121471859294372,,,,0.9339
549,0.442160174242424,0.102,0.0147316015307359,,,,0.915
550,0.429017314761904,0.1253,0.0180735930294372,,,,0.8897
551,0.417571429047618,0.1485,0.0221212120787878,,,,0.8667
552,0.406432901125541,0.1861,0.027090909008658,,,,0.8444
553,0.396471859047619,0.2147,0.0329090904848484,,,,0.8192
554,0.386636365194805,0.2522,0.039787879034632,,,,0.7937
555,0.376848484199134,0.2988,0.0477142859437229,,,,0.7704
556,0.367441559350649,0.3345,0.0571645030216449,0.00110909092,,,0.7491
557,0.357999999134199,0.4007,0.0682597417272726,0.000960606056666667,,,0.7214
558,0.34854978090909,0.4616,0.081341993069264,0.000887878776666667,,,0.6972
559,0.339705629480519,0.5242,0.096645022177489,0.00089090908,,,0.6706
560,0.330939393939393,0.5743,0.114160174709957,0.000969696966666665,,,0.6514
561,0.3222987004329,0.6476,0.133926408757576,0.00113852815238095,,,0.6291
562,0.313709956926406,0.712,0.155896105506493,0.00128138532770563,,,0.6098
563,0.305424241904761,0.771,0.180177492974026,0.00159740266320346,,,0.5869
564,0.297225109870129,0.8247,0.207034635454545,0.00190909096320346,,,0.5698
565,0.289000002034632,0.8837,0.236177491515151,0.00228138536839827,,,0.5529
566,0.280683986666666,0.9124,0.267805194718614,0.0027359308008658,,,0.5335
567,0.272454553852813,0.9463,0.301987011558441,0.00325108228268398,,,0.517
568,0.264489182337662,0.9714,0.338419914155844,0.00404761906493506,,,0.5001
569,0.255969699826839,0.9875,0.377272731731601,0.00487878799047618,,,0.4876
570,0.247740261731601,0.9964,0.417852817402597,0.00587878801688311,,,0.4735
571,0.23970562995671,1,0.460112562987012,0.00704761917705627,,,0.4631
572,0.23157576073593,1,0.503588747489177,0.00816017316406925,,,0.4521
573,0.223623378917749,1,0.547623377056276,0.00952380976666665,,,0.4406
574,0.215424245844156,0.9928,0.591870133203462,0.0112683984004329,0.00110909092,,0.4287
575,0.207506496709956,0.9821,0.635848485108224,0.0132554112017316,0.000960606056666667,,0.4222
576,0.1997359304329,0.9643,0.679103899220778,0.0158354979601731,0.000887878776666667,,0.4119
577,0.191935064025974,0.9427,0.721047624761904,0.0187619048666666,0.00089090908,,0.4043
578,0.184411254502164,0.9177,0.760844162857142,0.0224285713376623,0.000969696966666665,,0.3976
579,0.177051947748918,0.8909,0.798341997445886,0.0264978355627705,0.00113852815238095,,0.3874
580,0.169943725238095,0.8712,0.833251087532466,0.0311861472121212,0.00128138532770563,,0.3824
581,0.163281389307359,0.8372,0.865168830562769,0.0367965368268398,0.00159740266320346,,0.3765
582,0.156601736493506,0.8067,0.894043293376622,0.0434329001774891,0.00200000007229437,,0.3676
583,0.150593077575757,0.771,0.919731603939393,0.0509567098225108,0.00231168835930736,,0.3614
584,0.144813857445887,0.7442,0.942086584112553,0.0598484844372294,0.00259740266493506,,0.3509
585,0.139112558095238,0.7317,0.960805197056276,0.0698354969870129,0.00287878791125541,,0.3445
586,0.133536798571428,0.6834,0.975805199696968,0.0810865781558441,0.00341991343463203,,0.3338
587,0.127818183463203,0.6547,0.987086580259739,0.0937922076623375,0.00410822511948051,,0.3299
588,0.122220781558441,0.6315,0.99482252160173,0.108212122290043,0.00487878801774891,,0.3261
589,0.11683117051948,0.6082,0.998982685974025,0.124402600142857,0.00581818194415584,,0.3131
590,0.111935065632034,0.5975,1.00000000186147,0.142688313454545,0.00687878797445887,,0.3069
591,0.107398267428571,0.5653,0.997926413506492,0.163000000922078,0.00801731606536795,,0.2984
592,0.103376623480519,0.5474,0.993147187792206,0.185493504935065,0.00929870142987012,,0.2914
593,0.0992294367229436,0.5366,0.986051939437228,0.209839825497835,0.010805194721645,,0.2815
594,0.0954675317662336,0.517,0.976476179696968,0.235753244285714,0.0128658006354978,,0.2728
595,0.0914285702987012,0.5045,0.9644285608658,0.26361038995671,0.015255411051948,,0.2657
596,0.0879783542467531,0.4866,0.950519480086579,0.293303035454545,0.0180562769584415,,0.2573
597,0.0844285718701297,0.4776,0.934406922294371,0.324614724372294,0.021419912987013,,0.2494
598,0.0813766245757575,0.474,0.91651948116883,0.357883122380952,0.0253852804935065,,0.2422
599,0.0783809537402596,0.4652,0.896883126969696,0.392714288744588,0.0301212112294372,,0.236
600,0.0755757596796536,0.4544,0.876363640173159,0.429160179090908,0.0356883111515151,0.000999999999999999,0.2271
601,0.0726753260129869,0.4454,0.855341988917748,0.466857147532467,0.0421904754112554,0.000999999999999999,0.2187
602,0.0698787883722943,0.4419,0.833718614891774,0.50553680090909,0.0499264063030302,0.000999999999999999,0.2115
603,0.0671601727445887,0.4383,0.811731605930735,0.545064932034631,0.0587748912813852,0.000999999999999999,0.2037
604,0.0649653673419913,0.4365,0.789502176017315,0.585043289090908,0.0690129866233765,0.000999999999999999,0.1992
605,0.0625627706233765,0.4329,0.766753261688311,0.624744581688311,0.0809999994502163,0.000909090899999999,0.1903
606,0.0605064937402597,0.4329,0.743857165324674,0.663861464242423,0.0948961032121211,0.000969696966666665,0.1833
607,0.0585974028571428,0.4347,0.720761922813852,0.70173159060606,0.111194804839827,0.00113852815238095,0.1769
608,0.056593074073593,0.4365,0.698034643116882,0.73835930077922,0.130030302134199,0.00137229440952381,0.1698
609,0.054826840103896,0.4365,0.675774895757575,0.773077920432899,0.152030302666666,0.00153679660865801,0.1632
610,0.0528787879870129,0.4401,0.653995670259739,0.805722949567098,0.17709524138961,0.00183116892034632,0.1598
611,0.0511904759350649,0.4401,0.632822508181817,0.8363290008658,0.205502168831169,0.00207792214891775,0.1518
612,0.0499177481601731,0.4401,0.612164504632034,0.864597402164501,0.237380954069264,0.0024329004987013,0.1456
613,0.0483116879999999,0.4401,0.592242432467532,0.890406925367964,0.272623377186147,0.00267532476753246,0.1402
614,0.0467705624761904,0.4401,0.573073599523809,0.913432907316016,0.311168832597402,0.00311255419177489,0.1341
615,0.0452251081255411,0.4401,0.554610391904761,0.933809524935064,0.352852817099567,0.00367532474112554,0.131
616,0.0437445885367965,0.4401,0.536982686839826,0.951783552900432,0.397116879740259,0.00434199139999999,0.1231
617,0.0423073591688311,0.4401,0.520121207532467,0.966761912467531,0.44400000012987,0.0049567101112554,0.1194
618,0.0408008659523809,0.4401,0.504090904155843,0.978926416536795,0.49297403069264,0.00593939408961038,0.115
619,0.0394458869610389,0.4365,0.488909085151515,0.988385283030302,0.543632038831168,0.00686580097705627,0.111
620,0.0384632026536796,0.4347,0.475060603203463,0.994978357835496,0.595480522770562,0.00822077922467531,0.1059
621,0.0371688302683982,0.4311,0.462350646450216,0.999034634502163,0.647432903030302,0.00969264093549782,0.1015
622,0.0358311682121212,0.4257,0.450476186883116,1.00037663,0.699099573593073,0.0115021646341991,0.0996
623,0.0345367964675324,0.4186,0.439311686709956,0.999134199696968,0.74905196095238,0.0136017315480519,0.0938
624,0.0333722944545454,0.4133,0.428666663679653,0.995653685281384,0.796350656233765,0.0160086581333333,0.0922
625,0.0321385279740259,0.4097,0.418147183116883,0.989640698441557,0.839943727922077,0.0187619048666666,0.088
626,0.0309696969307359,0.3989,0.40786580064935,0.981264076536795,0.879255406103895,0.0222554111645021,0.0853
627,0.0299090906623376,0.3846,0.397822511601731,0.97073594125541,0.913528124805194,0.0261515152164502,0.0822
628,0.0289999999264069,0.3774,0.388567103333333,0.958177504588743,0.942038936623375,0.0309523809783549,0.0785
629,0.028000000012987,0.3703,0.379961044415584,0.944103907922077,0.964424217575756,0.0365367963852813,0.0763
630,0.0270000005844155,0.3596,0.372116892294372,0.928809528181817,0.981281370129869,0.0432510823896103,0.075
631,0.0260000006883117,0.3507,0.364883125627705,0.912372287965367,0.992402590692639,0.0509740259956709,0.0723
632,0.0249090914632034,0.3345,0.358129875194805,0.895138519350648,0.998437227056276,0.0601168826666666,0.0683
633,0.0239696971082251,0.3274,0.351554116406926,0.876969676623375,0.999761906926405,0.0707792197402596,0.0661
634,0.0231385281082251,0.3148,0.345251079783549,0.857727252467531,0.996818189307358,0.0833246740043289,0.0642
635,0.0223722943722943,0.3042,0.339047615108225,0.837757563290042,0.990086590865799,0.0975844135757575,0.0624
636,0.0215367965670995,0.297,0.332969693982684,0.81694371125541,0.979718617835497,0.114190475800866,0.0594
637,0.0208311686926407,0.2845,0.326909088398268,0.795658000259739,0.966268403722942,0.133021645839827,0.0577
638,0.0201688306147186,0.2773,0.320999998831168,0.773870126320345,0.949969699610388,0.154398269917749,0.0548
639,0.0194632027748917,0.2647,0.314999997705627,0.751722946060605,0.931515144242423,0.178285716809524,0.054
640,0.0185367959523809,0.254,0.308999997445887,0.729445891558441,0.911645015367964,0.205203467835498,0.0524,,0.0075
641,0.0178311686363636,0.2469,0.302909089437229,0.707177486709956,0.890987008614717,0.235095243809523,0.0506,,0.0064
642,0.0170779222727273,0.2397,0.296878784155844,0.685212116320345,0.870125536753246,0.268419918917749,0.0489,,0.0068
643,0.0163419919264069,0.2326,0.291017315324675,0.664290039826839,0.849943720432899,0.305155847229437,0.0475,,0.0054
644,0.0157359314242424,0.22,0.285480523333333,0.644601725670995,0.830917744458873,0.345554116277056,0.0445,,0.007
645,0.0153722949264069,0.2093,0.280138534155844,0.626212114805194,0.812558446060605,0.389125547532467,0.0437,,0.0073
646,0.0150303031688311,0.2021,0.274861477662337,0.608774894242423,0.794320351688311,0.435285719523809,0.0419,,0.0073
647,0.0144891774588744,0.1897,0.269610391904762,0.591818194848484,0.77612987125541,0.483103895800865,0.0411,,0.0085
648,0.0137705626796537,0.1825,0.264012989610389,0.574709974675324,0.757398278744588,0.531428565064934,0.0389,,0.0094
649,0.0132294372294372,0.1753,0.257982683116883,0.557367979350649,0.73773161138528,0.579528129350649,0.038,,0.0084
650,0.0125108225108225,0.1682,0.251809519480519,0.539926415714285,0.717458876709956,0.626779208268397,0.0363,,0.0096
651,0.0118787878787879,0.1664,0.245493501558441,0.522597408874458,0.697207787705627,0.672640680216449,0.0331,,0.0098
652,0.0115064935064935,0.161,0.23893939077922,0.505809529307359,0.677515147229436,0.716675323809523,0.0338,,0.0111
653,0.0113722943904762,0.1574,0.232519479090909,0.490060603766233,0.658303037748917,0.758813862597401,0.0334,,0.0114
654,0.0112597402839827,0.1538,0.22598701038961,0.475541121688311,0.640073596103895,0.798943736277055,0.0312,,0.0105
655,0.0108614718398268,0.1502,0.219714286623376,0.462090904242424,0.622822505670995,0.83669265099567,0.0295,,0.0115
656,0.0103982682961039,0.1485,0.213502166493506,0.449580082164502,0.606086584891774,0.871225115324674,0.0284,,0.0118
657,0.0100909088181818,0.1431,0.20739394004329,0.437922072380952,0.589714291428571,0.902277065021644,0.0276,,0.0137
658,0.00954112521904761,0.1395,0.201584414891775,0.427073589090909,0.573683985238094,0.929380967532466,0.0258,,0.0129
659,0.00896969670216449,0.1378,0.196030304329004,0.416930731948051,0.558103885800865,0.952043303506492,0.0249,,0.0153
660,0.00850649338008657,0.1342,0.190359307792208,0.407476189610389,0.543393929437229,0.970164519653678,0.0237,,0.0159,0.005994309853238649
661,0.00837229447445886,0.1306,0.184969696536796,0.398822509523809,0.529333326017315,0.983748928354977,0.0237,,0.0139,0.008619286870178667
662,0.00816883146406925,0.1253,0.179506493116883,0.390683977402597,0.515965357316017,0.993142868744587,0.0221,,0.0199,0.007976599576465748
663,0.00783116922770562,0.1253,0.174281385367965,0.383086573939393,0.503311676839826,0.998645022770561,0.0211,,0.0178,0.009631125579302196
664,0.00753679693506493,0.1217,0.169138525800866,0.376034623463203,0.491177483852813,1.00026839839827,0.0178,,0.0239,0.005936026352115048
665,0.00737229464675324,0.1163,0.163969694458874,0.369177485670995,0.479346319523809,0.998225109264068,0.0193,,0.0231,0.005158049826861569
666,0.00722943746623376,0.1145,0.158818177142857,0.36289610056277,0.46786580038961,0.992792217792206,0.0172,,0.0256,0.007241467674716192
667,0.00700000019696969,0.1109,0.153969692943723,0.356835496883116,0.45671428056277,0.983800872770561,0.0161,,0.0277,0.007854480046692498
668,0.00677056293852813,0.1109,0.149047615627705,0.35112987,0.446177486277056,0.97178789103896,0.016,,0.0319,0.005884460016090757
669,0.00662770579047618,0.1109,0.14434198987013,0.345783548484848,0.436034629826839,0.956822524285713,0.0145,,0.0329,0.00856986968316216
670,0.0063722945095238,0.1073,0.139766234675325,0.340623374155844,0.426177486536796,0.939463217316016,0.0136,,0.0367,0.006004388033311649
671,0.00622943736147185,0.1055,0.135142858008658,0.335675325887445,0.416805191515151,0.920064935151514,0.0123,,0.0414,0.006995723534280253
672,0.00600000010303029,0.102,0.130445889177489,0.330740261948052,0.407896096883116,0.899116882164501,0.0118,,0.0459,0.00742906765482149
673,0.00577056283376623,0.1002,0.125939396536796,0.325909098095238,0.399298694718614,0.876597392424241,0.0101,,0.0485,0.008393779136875652
674,0.00562770565324675,0.0984,0.121467533073593,0.321138537662337,0.39092640025974,0.85317314112554,0.0103,,0.0542,0.006397474504987368
675,0.00537229434675324,0.0966,0.117359306450216,0.316342001038961,0.382757574112554,0.82874024164502,0.0097,,0.0567,0.010954179884819984
676,0.00513852806623376,0.0948,0.113523809523809,0.311675334805194,0.374835499220779,0.803861457878787,,0.000999999999999999,0.0674,0.008836295502175955
677,0.00496969686363636,0.093,0.110251081978355,0.307203471168831,0.367359309783549,0.778545449653679,,0.000999999999999999,0.0727,0.0068057101888282364
678,0.00499999985454545,0.0912,0.107077922532467,0.302796541948052,0.360064937922077,0.753246748138527,,0.000999999999999999,0.0789,0.006030776894537062
679,0.00503030292121211,0.0876,0.103831169337662,0.298324678961039,0.353038962813852,0.727735932770562,,0.000999999999999999,0.09,0.009647983865095782
680,0.0048614718030303,0.0823,0.100536796610389,0.293658013896103,0.346432898701298,0.702294379480519,,0.000999999999999999,0.0959,0.010858941630573596
681,0.00462770563939393,0.0823,0.0973722940086579,0.288861475151515,0.340268393030303,0.676493512640692,,0.000999999999999999,0.1072,0.00781128841597075
682,0.00437229446060605,0.0788,0.0941385274848484,0.284000005324675,0.334528135974026,0.651190478051947,,0.000999999999999999,0.1189,0.010769405538202142
683,0.00413852829696969,0.0752,0.0909696961904761,0.2792294408658,0.329108223852813,0.626112560086579,,0.000999999999999999,0.1333,0.015982583741759034
684,0.00396969717878787,0.0752,0.0878181818398267,0.274372295887446,0.323679654155844,0.601519488614718,,0.000909090899999999,0.1414,0.008833799638591776
685,0.00390909113636363,0.0752,0.0848787882121211,0.269718613203463,0.318489178181818,0.577359319826839,,0.000969696966666665,0.1637,0.011284211096775463
686,0.0040909093090909,0.0716,0.082017318121212,0.26489177034632,0.313030303463203,0.554025985108224,,0.00113852815238095,0.1717,0.012455476254502107
687,0.00403030323636363,0.0716,0.0793896124935064,0.259982678354978,0.307463203636363,0.531272742554112,,0.00137229440952381,0.1917,0.012022578216765572
688,0.00386147203376623,0.0662,0.0770173181861471,0.254839825844155,0.301857142337662,0.509255423939393,,0.00162770569047619,0.2067,0.011193400629937695
689,0.00362770575324675,0.0644,0.0749696984242423,0.249264067142857,0.296233767012987,0.487640699696969,,0.00186147194761905,0.2224,0.021079135920374602
690,0.00337229444675324,0.0644,0.0728484856666666,0.243718615670995,0.290567102727272,0.466844159956709,,0.00193939405151515,0.2507,0.01669059627202939
691,0.00313852816623376,0.0644,0.0708311685714285,0.23800000021645,0.284831171688311,0.446748919610389,,0.00206060617272727,0.2707,0.023044265407671315
692,0.00296969696363636,0.0644,0.0687662333679653,0.232281385670995,0.279138535584415,0.427463203246753,,0.00213852822467532,0.2964,0.023728644651333144
693,0.00290909089090909,0.0626,0.0667445880432899,0.226735931774891,0.273601739480519,0.409138524025974,,0.00228138532597402,0.3126,0.026258608262566385
694,0.003,0.0608,0.0646753246233765,0.221251082597402,0.267909095064935,0.391969692727272,,0.00259740262857143,0.3405,0.02876975093483451
695,0.003,0.0608,0.0628008652164501,0.21613853069264,0.262367969783549,0.375999994675324,,0.00300000004155844,0.3658,0.02969993382370189
696,0.003,0.0608,0.061077922103896,0.211000004329004,0.257000002467532,0.361121209437229,,0.00331168841038961,0.397,0.03492726255342157
697,0.00309090908181818,0.0608,0.0593722946753246,0.205861474199134,0.251541127619047,0.346982678614718,,0.00368831181385281,0.4249,0.03897514419280524
698,0.00303030302727272,0.0573,0.0575974031645021,0.200658008571428,0.246060605064935,0.333610389523809,,0.00390909102164502,0.4559,0.04308381228898188
699,0.00286147187532467,0.0573,0.0559090908354977,0.195233766623376,0.240536796883117,0.320982682943722,,0.00428138536060605,0.488,0.049404316152288553
700,0.00262770566493506,0.0537,0.0542813853246752,0.189766234199134,0.235233769004329,0.309121211471861,,0.00482683988138527,0.5188,0.05751460298970859
701,0.00237229443506493,0.0537,0.0527359308051947,0.184341990909091,0.22979654064935,0.298272728831168,,0.00528138529307359,0.5488,0.0628191533879142
702,0.00213852822467532,0.0519,0.0513419913896103,0.179047618658008,0.224294373030303,0.288242424675324,,0.00590909102943722,0.5902,0.07096826184925462
703,0.00196969707272727,0.0501,0.0500779213939393,0.173878787965368,0.21879654064935,0.278965368181818,,0.00659740273896103,0.6247,0.08073413948899916
704,0.00190909101818182,0.0501,0.0488311686103895,0.168878784632034,0.213233769004329,0.27022078012987,,0.00719047632207791,0.6658,0.08387156176019281
705,0.0020000001,0.0483,0.0475367967489177,0.164047616233766,0.207536797792207,0.262056275324675,,0.00810822517878787,0.6825,0.09358007201866843
706,0.0020000001,0.0447,0.0463722949740259,0.159341988961039,0.201969697186147,0.254363635757575,,0.00901731599870129,0.7332,0.10334979583449445
707,0.0020000001,0.0429,0.0451385285151514,0.154675326493506,0.196329003506493,0.247164499350649,,0.0102510820770563,0.7465,0.1149355482614363
708,0.0020000001,0.0429,0.0439696977445887,0.150112554372294,0.191077918831169,0.240701297445887,,0.0116753247186147,0.7948,0.12996484416017476
709,0.0020000001,0.0393,0.0429090912857142,0.145675325627705,0.186017313203463,0.235194805930736,,0.0130216450354978,0.8274,0.14247512807042526
710,0.0020000001,0.0375,0.0420909093160173,0.14143290008658,0.181281382900433,0.230316015194805,,0.0146450217341991,0.8573,0.15510702869425974
711,0.0020909092,0.0357,0.0410303031558441,0.137077918441558,0.176627705627705,0.225805194025974,,0.0163896103385281,0.8815,0.16794328157327781
712,0.00203030313333333,0.034,0.0398614718441558,0.132831163246753,0.171861473333333,0.221666664329004,,0.0182987014285714,0.9075,0.18613945048839958
713,0.00186147194761905,0.034,0.0386277051471861,0.128536792294372,0.167030306450216,0.217926404372294,,0.0205238095670995,0.9255,0.2071286650956592
714,0.00162770569047619,0.034,0.0372813849696969,0.124281382337662,0.162000004025974,0.21429869987013,,0.023038960995671,0.9476,0.2315481976745652
715,0.00137229440952381,0.034,0.036108225073593,0.120017315238095,0.156878791645021,0.21089610069264,,0.0260649348441558,0.9621,0.24692997880737816
716,0.00113852815238095,0.034,0.0351082254155844,0.115987012380952,0.151926409134199,0.207987011298701,,0.0292683983982684,0.9783,0.26770845707221463
717,0.000969696966666665,0.0322,0.03428138604329,0.112298702207792,0.147359311991342,0.205238095497835,,0.0327142857272727,0.9818,0.30320250748847327
718,0.000909090899999999,0.0304,0.0336277068528138,0.109108225017316,0.143155848095238,0.202848485541125,,0.0367748921428571,0.9923,0.32654535854429434
719,0.000999999999999999,0.0304,0.03277056408658,0.105818182151515,0.139160177532467,0.200645021255411,,0.0412251085584415,1,0.35590434820364764
720,0.000999999999999999,0.0304,0.0320000005974026,0.102740259909091,0.135506499437229,0.198653678614718,,0.0462857146580086,0.9987,0.38571147308902415
721,0.000999999999999999,0.0304,0.0312294368268398,0.0997662333722942,0.132000005281385,0.196766232510822,,0.0518225104415584,0.9953,0.40465389363361687
722,0.000999999999999999,0.0304,0.0303722936060606,0.0966536785974025,0.128402600735931,0.194831166883117,,0.0579653664718614,0.9877,0.4407156764610332
723,0.000999999999999999,0.0269,0.029627704995671,0.0937359301904761,0.124627708571428,0.19303030038961,,0.0647316000043289,0.9609,0.4805203583035205
724,0.000999999999999999,0.0269,0.0287705622424242,0.090878787160173,0.12074026051948,0.191030303030303,,0.0719826822813852,0.964,0.5090688059507861
725,0.000999999999999999,0.0269,0.0280000003463203,0.0882813843809523,0.117047619653679,0.188922078744588,,0.0800909076277055,0.94,0.5442790647510294
726,0.000999999999999999,0.0269,0.0271385288917749,0.0857662335238094,0.113571427662338,0.186796540865801,,0.0891385284112553,0.9259,0.5791093471550562
727,0.000999999999999999,0.0251,0.0263419922640692,0.0831125543246752,0.110047618774892,0.184696973722943,,0.0992510815194804,0.8915,0.6221065055709154
728,0.000999999999999999,0.0233,0.0256753254848485,0.0807662337619046,0.106649350922078,0.182515154632034,,0.110645020212121,0.873,0.652129241509081
729,0.000999999999999999,0.0233,0.0252034635757575,0.0782813852900432,0.103506493952381,0.180095241861472,,0.12316017095671,0.8534,0.6848671225010742
730,0.000999999999999999,0.0215,0.0247965369350649,0.0758787875887445,0.100510822861472,0.177658011774892,,0.136835495038961,0.8235,0.723839591182046
731,0.000999999999999999,0.0197,0.0243246752943723,0.0737359318441557,0.0974199143463202,0.175181822207792,,0.151774889528138,0.7928,0.7455007187653714
732,0.000999999999999999,0.0197,0.0235670994761904,0.0716536805844155,0.0945671002597401,0.17240260056277,,0.168194804415584,0.7622,0.8003684510553853
733,0.000999999999999999,0.0197,0.0229220779220779,0.0697662353073592,0.0918181818095237,0.169809524329004,,0.186333333030303,0.7346,0.8391007981760239
734,0.000999999999999999,0.0197,0.0221688312597402,0.0677402616969696,0.0893722937835497,0.166891777186147,,0.205982683506493,0.7085,0.8403562345131899
735,0.000999999999999999,0.0197,0.0213722944025974,0.0659090924675324,0.0868571427532466,0.163982685367965,,0.227580081948052,0.6669,0.8709670097605879
736,0.000999999999999999,0.0197,0.0205974024588744,0.0642294384242423,0.0841428575454544,0.160839828874459,,0.251121206450216,0.6537,0.8871861552619542
737,0.000999999999999999,0.0197,0.0199999994458874,0.0622813860216449,0.0815367973593072,0.157264072597402,,0.276493497748917,0.6118,0.9125856793200605
738,0.000999999999999999,0.0197,0.0193116876233766,0.0605974027922077,0.0790606067186146,0.153627710909091,,0.303809517056277,0.5772,0.9388593523700655
739,0.000999999999999999,0.0197,0.018597402012987,0.0589090916450216,0.0764502168484847,0.150060611082251,,0.332982677186147,0.5592,0.9632120749018489
740,0.000999999999999999,0.0179,0.0179696966839827,0.0572813856017315,0.0738787876363635,0.146450222337662,,0.364103892510822,0.5288,0.9433552265475674
741,0.000999999999999999,0.0161,0.0174502166147186,0.0557359316147185,0.0714761892640692,0.143060611991342,,0.396822513116883,0.5107,0.9781490512652814
742,0.000999999999999999,0.0161,0.0169696976926407,0.0543419919393939,0.0694199126320345,0.139536801212121,,0.431238099783549,0.484,0.9720201941699589
743,0.000999999999999999,0.0161,0.0165974037489177,0.0530779223982683,0.0674199135541125,0.136233767878788,,0.467186145627705,0.4535,0.9931751294331851
744,0.000999999999999999,0.0161,0.0163116895238095,0.0518311689220778,0.0655671000173159,0.132887446493506,,0.504233758484848,0.4247,0.999422814351475
745,0.000999999999999999,0.0161,0.0160909099523809,0.0505367958701298,0.0638181831904761,0.129233764458874,,0.542328996536796,0.4071,0.9898026687368962
746,0.000999999999999999,0.0161,0.0156277062554112,0.0493722933809523,0.062372295051948,0.125627703896104,,0.581268395108224,0.3793,0.9975220846478559
747,0.000999999999999999,0.0161,0.0152337666060606,0.0481385275411255,0.0608571428961038,0.121999997402597,,0.62063203034632,0.3646,0.9950591733709148
748,0.000999999999999999,0.0161,0.0147965369350649,0.0469696963852813,0.0591428574112553,0.118372293766234,,0.659913415974025,0.3571,0.9815855737304784
749,0.000999999999999999,,0.0142943722640692,0.045909091090909,0.0576277056190475,0.114766234675325,,0.698649355324674,0.3311,0.9646157115833627
750,0.000999999999999999,,0.0137056276147186,0.0450000002813852,0.056000000108225,0.111112554385281,,0.736731614155843,0.3205,0.9534106551474164
751,0.000999999999999999,,0.0132943722943723,0.0440000005627705,0.0542813853246752,0.107675324584415,,0.77329871147186,0.3026,0.9424882998355654
752,0.000999999999999999,,0.0127056277056277,0.0430000005584415,0.0527359308051947,0.104341990774892,,0.808000003809523,0.2916,0.9069348675658957
753,0.000999999999999999,,0.0122943723125541,0.0420000003160173,0.0512510824805194,0.101047617995671,,0.840701309220778,0.2793,0.9130372851142715
754,0.000999999999999999,,0.0117056277116883,0.0409999998831168,0.0500476184242424,0.0979696958181817,,0.871177498008657,0.2676,0.8954749074464224
755,0.000999999999999999,,0.0112034631757576,0.0400000001168831,0.0490606053809523,0.0949090907445886,,0.899138530043289,0.2526,0.8595910508813699
756,0.000999999999999999,,0.0106753246008658,0.0389999996839826,0.0479393933463203,0.0920909087792206,,0.923982674761904,0.2334,0.8451193247302808
757,0.000999999999999999,,0.0103419912164502,0.0379999994415584,0.0468614714848484,0.0890303038095237,,0.945593067142856,0.2301,0.8250863033380912
758,0.000999999999999999,,0.0101385279844156,0.0369090901645021,0.0457186142987012,0.0857705639783549,,0.963805190779219,0.2134,0.8041889049637858
759,0.000999999999999999,,0.00999999979999999,0.0359696969004329,0.044402597069264,0.0825974034372293,,0.978116880562769,0.2099,0.7778622522012495
760,0.000999999999999999,,0.00977056252467531,0.0351385281428571,0.0429090906103895,0.0794199143722943,,0.988865799177488,0.2026,0.748746173142667
761,0.000999999999999999,,0.00962770535324674,0.0342813859523809,0.0415670998138528,0.0764805198484847,,0.995943724502163,0.1968,0.7398990914131826
762,0.000999999999999999,,0.00937229404675323,0.033597404004329,0.0404199134415584,0.0736450215108224,,0.999458880606059,0.1865,0.7073668656566817
763,0.000999999999999999,,0.00922943678441557,0.0330000018225108,0.0395108226709956,0.0710216457489176,,0.999359308441557,0.181,0.6653332396823795
764,0.000999999999999999,,0.00899999956969696,0.0323116896103896,0.0385974024112554,0.0686753248528138,,0.995722939740258,0.1754,0.6615238202595819
765,0.000999999999999999,,0.00877056246320345,0.0316883122337662,0.0376796535194805,0.066341992108225,,0.98895671134199,0.1727,0.6310736924892104
766,0.000999999999999999,,0.00862770552554111,0.0309999998138528,0.0370909087099567,0.0640476188008657,,0.979376617878786,0.1639,0.6045542718579358
767,0.000999999999999999,,0.00846320358354977,0.0304025969393939,0.0361688304588744,0.0619696965714285,,0.967030300303029,0.1559,0.5791701522434864
768,0.000999999999999999,,0.00816883146406925,0.0297186139047619,0.0352034624025974,0.0599090909480519,,0.952848490216449,0.1526,0.5432305925648024
769,0.000999999999999999,,0.00783116922770562,0.0287705622424242,0.0343939393593073,0.0579999998744588,,0.936943726493505,0.149,0.5258539788185496
770,0.000999999999999999,,0.00753679693506493,0.0280000003463203,0.0335151517619047,0.0560000000043289,,0.9194762012987,0.1451,0.5074918393757859
771,0.000999999999999999,,0.00737229464675324,0.0271385288917749,0.0327662342770562,0.0539090919090908,,0.900718622294371,0.1377,0.48064955977652063
772,,,0.00722943746623376,0.0262510831731601,0.0319696971082251,0.0519696976969696,,0.880969695584414,0.1379,0.47846800441191123
773,,,0.00700000019696969,0.0257359315454545,0.0312813851212121,0.0500476197922077,,0.86032900090909,0.1334,0.43259076723647805
774,,,0.00677056293852813,0.0252813856536796,0.0308571421515151,0.0482510823116882,,0.838896095930735,0.1296,0.4334892008667099
775,,,0.00662770579047618,0.0250000001385281,0.0302337652640692,0.0466450218917748,,0.816774896147185,0.125,0.3955592318522051
776,,,0.0063722945095238,0.0247186146883117,0.0296580076623376,0.0453419915541125,,0.79422512138528,0.1236,0.38396522539194405
777,,,0.00622943736147185,0.0241731600822511,0.0289523807878787,0.044077922030303,,0.771103908138527,0.1223,0.3605407058148658
778,,,0.00600000010303029,0.0237186147186147,0.0279393942251082,0.042831169051948,,0.747580100259739,0.1201,0.3538316663993657
779,,,0.00577056283376623,0.023,0.0270606066450216,0.0416277059653679,,0.724000008095237,0.1186,0.33078921431098285
780,,,0.00562770565324675,0.0223722943722943,0.0260476197359307,0.0403116879350649,,0.700510814329003,0.1134,0.33030739741374016
781,,,0.00537229434675324,0.0217662337662337,0.0252510828051948,0.0389696961904761,,0.677108208484848,0.1115,0.30492864180016344
782,,,0.00513852806623376,0.0212034632943723,0.0246450217835497,0.0377359294069264,,0.653696946450216,0.1076,0.2838544544222241
783,,,0.00496969686363636,0.0207056277359307,0.0243419913116883,0.0366536787619047,,0.630757558051947,0.1074,0.27407962669681746
784,,,0.00490909079090908,0.0202943721558441,0.024077921987013,0.0357662329264069,,0.607974009220778,0.1019,0.2591182798770859
785,,,0.00499999989999999,0.0197056273333333,0.0239220779220779,0.0348311685541125,,0.585519472727272,0.0998,0.2603744810996907
786,,,0.00509090896363636,0.0192943714848485,0.0236580086580086,0.0339393944502164,,0.563588738658008,0.0987,0.25177129174704455
787,,,0.00503030292121211,0.0187056267835498,0.0233549783549783,0.0330000008571428,,0.542398266753246,0.0961,0.2305144091612242
788,,,0.0048614718030303,0.0182943715411255,0.0226580086580086,0.0319696976277056,,0.52190043090909,0.0937,0.22390373388376902
789,,,0.00462770563939393,0.0177056273593073,0.021922078012987,0.0311385279177489,,0.502116881471861,0.0966,0.2199732586512589
790,,,0.00437229446060605,0.0172943726406926,0.0211688311991342,0.0302813845151515,,0.482761899523809,0.0931,0.20715343800736316
791,,,0.00413852829696969,0.0167056284588744,0.0203722942337662,0.0295974019653679,,0.464147185324675,0.0912,0.18845111515946614
792,,,0.00396969717878787,0.0162943732164502,0.0195064931341991,0.0289999994718614,,0.445761904112554,0.0894,0.1918033814295744
793,,,0.00390909113636363,0.0157056285151515,0.0188787872510822,0.0283116885670995,,0.42802598017316,0.0875,0.18025012376811264
794,,,0.0040909093090909,0.0152034635757576,0.0185108214675324,0.0276883125021645,,0.410870132251082,0.0857,0.18279947465445462
795,,,0.00403030323636363,0.0147662339047619,0.018138527047619,0.026909092,,0.394536797878787,0.0838,0.1698730945941345
796,,,0.00386147203376623,0.0143722943419913,0.017831168017316,0.0263722954155844,,0.378870125930735,0.082,0.1538116441543901
797,,,0.00362770575324675,0.0139090908181818,0.0175670993116883,0.0257662343939394,,0.36402597099567,0.0801,0.16098380685499353
798,,,0.00337229444675324,0.0135974025974026,0.0173246756709956,0.0252034635757575,,0.349670993549783,0.0783,0.15613681920277475
799,,,0.00313852816623376,0.0133722943722944,0.0167965375497835,0.0247056278441558,,0.336025974155844,0.0764,0.14898284085486468
800,,,0.00296969696363636,0.0131688311688311,0.0162034641255411,0.0242943722640692,,0.322961035108225,0.0746,0.14781417120427923
801,,,0.00290909089090909,0.0129220779220779,0.0157662345757576,0.0237056276147186,,0.310567099696969,0.0727,0.13080193363646284
802,,,0.003,0.0125670995670995,0.0153722947445887,0.0232943722943723,,0.298640691428571,0.0709,0.13524550736318283
803,,,0.003,0.0122337662337662,0.014909091047619,0.0227056277056277,,0.287623372987013,0.069,0.1364641917671787
804,,,0.003,0.0117662337662338,0.0146883116580086,0.0222943722943723,,0.277272722554112,0.0672,0.12669849335617991
805,,,0.003,0.0114329004510822,0.0143116882207792,0.0217056277056277,,0.267567097056277,0.0654,0.12570763373970187
806,,,0.003,0.0110779220839827,0.014,0.0212943723852814,,0.258419913073593,0.0635,0.11416567669618535
807,,,0.003,0.0108311688034632,0.0136883116883117,0.0207056277359307,,0.249965367792207,0.0617,0.1104010124838503
808,,,0.003,0.0106277055714286,0.0133116883116883,0.020203463064935,,0.242225105800865,0.0598,0.11737252355982986
809,,,0.00309090908181818,0.0104025972831169,0.013,0.0196753243030303,,0.234913421428571,0.058,0.11478166182375754
810,,,0.00303030302727272,0.00999999979999999,0.0126883116883117,0.0193419907142857,,0.228056278744588,0.0561,0.10729148107390055
811,,,0.00286147187532467,0.0095974023168831,0.0123116883116883,0.0191385272770562,,0.221852815281385,0.0543,0.10560357961497092
812,,,0.00262770566493506,0.00937229395584414,0.0120909091090909,0.0189999989696969,,0.216147189307359,0.0524,0.0967965277562782
813,,,0.00237229443506493,0.00916883077229436,0.0116277056337662,0.0187705616796537,,0.210852818787878,0.0506,0.09765492859566376
814,,,0.00213852822467532,0.00883116853593072,0.0112337662242424,0.0187186135367965,,0.20605628047619,0.0487,0.09736980686233564
815,,,0.00196969707272727,0.00853679641645021,0.0107965367281385,0.0184025963419913,,0.201913421385281,0.0469,0.09831189539033044
816,,,0.00190909101818182,0.00837229447445886,0.0102034630502164,0.0180909083679653,,0.198316017316017,0.045,0.09473775816252913
817,,,0.0020000001,0.00813852842770562,0.00967532442857142,0.0176277053722943,,0.195177487705627,0.0432,0.08982986617498202
818,,,0.0020000001,0.00806060650303029,0.0093419910103896,0.0171428573982684,,0.192432897012987,0.0413,0.08997406097972643
819,,,0.0020000001,0.00793939441818181,0.00904761865714284,0.0167662344891775,,0.190129865194805,0.0395,0.0914945958408691
820,,,0.0020000001,0.00786147223376622,0.00896969656363635,0.0164329015844156,,0.188095234935065,0.0376,0.07837715386652855
821,,,0.0020000001,0.00762770595324674,0.0089999995090909,0.0160779232900433,,0.186129868701298,0.0358,0.07904746757614936
822,,,0.0020000001,0.00737229464675324,0.00903030260606059,0.0159220787835498,,0.184432898744588,0.0339,0.07888303736096682
823,,,0.0020000001,0.00722943746623376,0.00886147157229436,0.0155671001948052,,0.183268397662337,0.0334,0.07805753348252999
824,,,0.0020000001,0.00700000019696969,0.00862770552554111,0.0152337666060606,,0.18243723034632,0.0324,0.0747376568955988
825,,,0.0020000001,0.00677056293852813,0.00837229447445886,0.014857142995671,,0.181987012987013,0.0291,0.06382834599110242
826,,,0.0020000001,0.00662770579047618,0.00813852842770562,0.0143722943419913,,0.181696969696969,0.0298,0.06801064595404895
827,,,0.0020000001,0.0063722945095238,0.00796969739393938,0.0139090908181818,,0.181787878787879,0.0267,0.06110350398182446
828,,,0.0020000001,0.00613852825238094,0.00790909138181817,0.0135974025974026,,0.182108225108225,0.025,0.06573529036655859
829,,,0.0020000001,0.00606060617575757,0.0080909095090909,0.0132813852813853,,0.182329004329004,0.0259,0.05967149168153342
830,,,0.0020000001,0.00593939403636363,0.00803030343636362,0.0132294372294372,,0.182848483939394,0.022,0.061911548838013926
831,,,0.0020000001,0.00586147193376622,0.00795238133376622,0.013,,0.183645023160173,0.0213,0.05448926036169235
832,,,0.0020000001,0.00562770565324675,0.00765800898658008,0.0127705627705628,,0.18465368073593,0.0218,0.05215288925054402
833,,,0.0020909092,0.00537229434675324,0.00723376649437228,0.0127186147186147,,0.185675325324675,0.0208,0.046440388663648025
834,,,0.00203030313333333,0.00513852806623376,0.00676623395670995,0.0124025974025974,,0.186800866017316,0.0191,0.047516344327159885
835,,,0.00177056284761905,0.00496969686363636,0.00634199147316016,0.012,,0.188077921861472,0.0184,0.04546493704862611
836,,,0.00168831175714285,0.00490909079090908,0.00604761914329003,0.0115974025974026,,0.189463201904762,0.0172,0.040941699629749494
837,,,0.00154112559523809,0.00499999989999999,0.00596969706666666,0.0113722943904762,,0.190627706060606,0.0151,0.037191284944567776
838,,,0.00137229440952381,0.00499999989999999,0.00590909099999999,0.0111688311748918,,0.191952381428571,0.0152,0.03666330396999201
839,,,0.00122510824761905,0.00499999989999999,0.00600000009999999,0.0108311688034632,,0.193060607922078,0.015,0.03399805610552855
840,,,0.00114285715714286,0.00509090896363636,0.0060909092090909,0.0106277055714286,,0.193952378874459,0.0143,0.03394789906919856
841,,,0.00116883118571428,0.00503030292121211,0.00603030313636363,0.0104025972831169,,0.19471861047619,0.0143,0.03395874308538532
842,,,0.00106060606666667,0.0048614718030303,0.00586147193376622,0.00999999979999999,,0.195493500952381,0.0141,0.025812657743466336
843,,,0.000909090899999999,0.00462770563939393,0.00562770565324675,0.0095974023168831,,0.196030297056277,0.0121,0.02266382773304759
844,,,0.000999999999999999,0.00437229446060605,0.00537229434675324,0.00937229395584414,,0.196549778008658,0.0106,0.02351179270786144
845,,,0.000999999999999999,0.00413852829696969,0.00513852806623376,0.00916883077229436,,0.197030301645021,0.0112,0.02073331769013807
846,,,0.000999999999999999,0.00396969717878787,0.00496969686363636,0.00883116853593072,,0.197584415887446,0.0112,0.017220613819980815
847,,,0.000999999999999999,0.00390909113636363,0.00490909079090908,0.00853679641645021,,0.197748918658008,0.0081,0.018572994549937032
848,,,0.000999999999999999,0.00400000019999999,0.00509090896363636,0.00837229447445886,,0.197813853722943,0.0102,0.01570150825977662
849,,,0.000999999999999999,0.00400000019999999,0.00503030292121211,0.00813852842770562,,0.197779221082251,0.0089,0.011372363682428447
850,,,,0.0040909093090909,0.0048614718030303,0.00796969739393938,,0.197445884242424,0.0092,0.012803985230971381
851,,,,0.00403030323636363,0.00462770563939393,0.00800000049090908,,0.196839823419913,,0.010767509711805755
852,,,,0.00386147203376623,0.00437229446060605,0.00803030343636362,,0.195982680779221,,0.01088146719667534
853,,,,0.00362770575324675,0.00413852829696969,0.00786147223376622,,0.194982681428571,,0.00920477385815028
854,,,,0.00337229444675324,0.00396969717878787,0.00771861505324674,,0.193930734458874,,0.010199912364141637
855,,,,0.00313852816623376,0.00390909113636363,0.00740259768008657,,0.192385281428571,,0.007880942197085461
856,,,,0.00296969696363636,0.00400000019999999,0.0070000002138528,,0.190610391601731,,0.005942725542754691
857,,,,0.00290909089090909,0.00400000019999999,0.00659740275411255,,0.188670996277056,,0.0067100540782408435
858,,,,0.003,0.0040909093090909,0.00628138540043289,,0.186523809220779,,0.0063021563997596565
859,,,,0.003,0.00393939412727272,0.00613852825238094,,0.184212123809524,,0.004471128829564254
860,,,,0.003,0.0039220781064935,0.00596969706666666,,0.181489179220779,,0.005978487110986017
861,,,,0.003,0.00379653695584415,0.0060000001090909,,0.178861472727272,,0.0029370314210265046
862,,,,0.003,0.00360606072727272,0.00603030313636363,,0.176259739350649,,0.006694471863149024
863,,,,0.003,0.00339393947272727,0.00586147193376622,,0.173463203203463,,0.005917825224349386
864,,,,0.003,0.00320346324415584,0.00562770565324675,,0.170536796493506,,0.0021370314094961806
865,,,,0.003,0.00307792209350649,0.00537229434675324,,0.167922077662337,,0.0030559578492025765
866,,,,0.00309090908181818,0.00306060607272727,0.00513852806623376,,0.165199136147186,,0.002354475992877721
867,,,,0.00303030302727272,0.00290909089090909,0.00496969686363636,,0.162324677662337,,0.0016266310687049542
868,,,,0.00286147187532467,0.003,0.00499999985454545,,0.159255413549783,,0.0011910477188560769
869,,,,0.00262770566493506,0.003,0.00503030292121211,,0.156233769437229,,0.0034135820126912674
870,,,,0.00237229443506493,0.003,0.0048614718030303,,0.153259741082251,,0.0003942881775265518
871,,,,0.00213852822467532,0.003,0.00462770563939393,,0.150090910865801,,0.0015114435209081128
872,,,,0.00196969707272727,0.003,0.00437229446060605,,0.146770562164502,,0.0007578576223062456
873,,,,0.00190909101818182,0.003,0.00413852829696969,,0.143718612164502,,-0.00036747403339704014
874,,,,0.0020000001,0.00309090908181818,0.00396969717878787,,0.140402593333333,,-0.0003763898541499466
875,,,,0.0020000001,0.00303030302727272,0.00390909113636363,,0.136999994848485,,0.003121272395206416
876,,,,0.0020000001,0.00286147187532467,0.00400000019999999,,0.133597399653679,,0.0012860943363610445
877,,,,0.0020000001,0.00262770566493506,0.00400000019999999,,0.130281384502164,,0.0005841555956337124
878,,,,0.0020000001,0.00237229443506493,0.0040909093090909,,0.127138527532467,,0.0003958983424454304
879,,,,0.0020000001,0.00213852822467532,0.00403030323636363,,0.123969697878788,,0.0027432464305413534
880,,,,0.0020000001,0.00196969707272727,0.00386147203376623,,0.120909090909091,,0.002166366210444901
881,,,,0.0020000001,0.00190909101818182,0.00362770575324675,,0.118,,0.0017835683307643587
882,,,,0.0020000001,0.0020000001,0.00337229444675324,,0.115,,0.004620492623876704
883,,,,0.0020000001,0.0020000001,0.00313852816623376,,0.112,,0.0018310862656783873
884,,,,0.0020000001,0.0020000001,0.00296969696363636,,0.108999999727273,,0.0007604035748125222
885,,,,0.0020000001,0.0020000001,0.00290909089090909,,0.106000000454545,,-0.003137169485363128
886,,,,0.0020000001,0.0020000001,0.003,,0.102909091233766,,0.0026721398569262054
887,,,,0.0020000001,0.0020000001,0.003,,0.0999696969826838,,0.0018874986988225897
888,,,,0.0020000001,0.0020000001,0.003,,0.0971385280519479,,-0.0007387855511347546
889,,,,0.0020000001,0.0020000001,0.003,,0.0942813858268397,,0.001243532213530313
890,,,,0.0020000001,0.0020000001,0.003,,0.0915974033160172,,0.002190127860461046
891,,,,0.0020000001,0.0020000001,0.00309090908181818,,0.0889090912640692,,-0.0008277830186856024
892,,,,0.0020909092,0.0020000001,0.00303030302727272,,0.086281386069264,,0.0011489634423330097
893,,,,0.00203030313333333,0.0020909092,0.00286147187532467,,0.0837359321948051,,0.000022550229317943194
894,,,,0.00186147194761905,0.00193939403333333,0.00262770566493506,,0.0812510838528137,,0.0005745000397035091
895,,,,0.00162770569047619,0.00192207801428571,0.00237229443506493,,0.0790476201645021,,-0.006384580492868257
896,,,,0.00137229440952381,0.00179653687619047,0.00213852822467532,,0.076878789134199,,0.0013960618712749373
897,,,,0.00113852815238095,0.00160606066666666,0.00196969707272727,,0.0748787891515151,,-0.004101128360206056
898,,,,0.000969696966666665,0.00139393943333333,0.00190909101818182,,0.0731385295367964,,-0.000080491146695825
899,,,,0.000909090899999999,0.00120346322380952,0.0020000001,,0.0712813865584415,,0.0010702887560683644
900,,,,0.000999999999999999,0.00107792208571428,0.0020000001,,0.0695974038008657
901,,,,0.000999999999999999,0.00106060606666667,0.0020000001,,0.0679090917489177
902,,,,0.000999999999999999,0.000909090899999999,0.0020000001,,0.0663722952510822
903,,,,0.000999999999999999,0.000999999999999999,0.0020000001,,0.0648571430259739
904,,,,0.000999999999999999,0.000999999999999999,0.0020000001,,0.0631428566493506
905,,,,0.000999999999999999,0.000999999999999999,0.0020000001,,0.061536795060606
906,,,,0.000999999999999999,0.000999999999999999,0.0020000001,,0.0600606051818181
907,,,,0.000999999999999999,0.000999999999999999,0.0020000001,,0.0584502162683982
908,,,,0.000999999999999999,0.000999999999999999,0.0020000001,,0.0569696966666666
909,,,,0.000999999999999999,0.000999999999999999,0.0020000001,,0.0555064939264068
910,,,,0.000999999999999999,0.000999999999999999,0.0020000001,,0.0542813857575757
911,,,,0.000999999999999999,0.000999999999999999,0.0020000001,,0.0531385288528138
912,,,,0.000999999999999999,0.000999999999999999,0.0020000001,,0.0519696971558441
913,,,,0.000999999999999999,0.000999999999999999,0.0020000001,,0.0509090908441558
914,,,,0.000999999999999999,0.000999999999999999,0.0020000001,,0.0499999996839826
915,,,,0.000999999999999999,0.000999999999999999,0.0020000001,,0.0489999994415584
916,,,,0.000999999999999999,0.000999999999999999,0.0020000001,,0.0479999994372294
917,,,,0.000999999999999999,0.000999999999999999,0.0020909092,,0.0469999997186147
918,,,,0.000999999999999999,0.000999999999999999,0.00203030313333333,,0.0459999999999999
919,,,,0.000999999999999999,0.000999999999999999,0.00186147194761905,,0.0450000002813852
920,,,,0.000999999999999999,0.000999999999999999,0.00162770569047619,,0.0440000005627705
921,,,,0.000999999999999999,0.000999999999999999,0.00137229440952381,,0.0430000005584415
922,,,,0.000999999999999999,0.000999999999999999,0.00113852815238095,,0.04190909104329
923,,,,0.000999999999999999,0.000999999999999999,0.000969696966666665,,0.040969697064935
924,,,,0.000999999999999999,0.000999999999999999,0.000909090899999999,,0.0401385283506493
925,,,,0.000999999999999999,0.000999999999999999,0.000999999999999999,,0.0393722946580086
926,,,,0.000999999999999999,0.000999999999999999,0.000999999999999999,,0.0385367968354978
927,,,,0.000999999999999999,0.000999999999999999,0.000999999999999999,,0.0378311683679653
928,,,,0.000999999999999999,0.000999999999999999,0.000999999999999999,,0.0371688302683982
929,,,,0.000999999999999999,0.000999999999999999,0.000999999999999999,,0.0363722931341991
930,,,,0.000999999999999999,0.000999999999999999,0.000999999999999999,,0.0355974019264069
931,,,,0.000999999999999999,0.000999999999999999,0.000999999999999999,,0.0349999999090909
932,,,,0.000999999999999999,0.000999999999999999,0.000999999999999999,,0.0343116887705627
933,,,,0.000999999999999999,0.000999999999999999,0.000999999999999999,,0.0336883132770562
934,,,,0.000999999999999999,0.000999999999999999,0.000999999999999999,,0.0329090927316017
935,,,,0.000999999999999999,0.000999999999999999,0.000999999999999999,,0.0323722956709956
936,,,,0.000999999999999999,0.000999999999999999,0.000999999999999999,,0.0318571434025974
937,,,,0.000999999999999999,0.000999999999999999,0.000999999999999999,,0.0311428571385281
938,,,,0.000999999999999999,0.000999999999999999,0.000999999999999999,,0.0305367961341991
939,,,,0.000999999999999999,0.000999999999999999,0.000999999999999999,,0.0300606047878787
940,,,,0.000999999999999999,0.000999999999999999,0.000999999999999999,,0.0294502151168831
941,,,,0.000999999999999999,0.000999999999999999,0.000999999999999999,,0.0290606053376623
942,,,,0.000999999999999999,0.000999999999999999,0.000999999999999999,,0.0285367962813852
943,,,,0.000999999999999999,0.000999999999999999,0.000999999999999999,,0.0282337664891774
944,,,,,0.000999999999999999,0.000999999999999999,,0.0277965375194805
945,,,,,0.000999999999999999,0.000999999999999999,,0.0272034642640692
946,,,,,0.000999999999999999,0.000999999999999999,,0.026766235038961
947,,,,,0.000999999999999999,0.000999999999999999,,0.0263722954025974
948,,,,,0.000999999999999999,0.000999999999999999,,0.0260000008614718
949,,,,,,0.000999999999999999,,0.0256277062554112
950,,,,,,0.000999999999999999,,0.0252337666060606
951,,,,,,0.000999999999999999,,0.0247965369350649
952,,,,,,0.000999999999999999,,0.0242943722640692
953,,,,,,0.000999999999999999,,0.0237056276147186
954,,,,,,0.000999999999999999,,0.0232034632034632
955,,,,,,0.000999999999999999,,0.0227662337662337
956,,,,,,0.000999999999999999,,0.0223722943722943
957,,,,,,0.000999999999999999,,0.0219090909090909
958,,,,,,0.000999999999999999,,0.0216883116883117
959,,,,,,0.000999999999999999,,0.0213116883116883
960,,,,,,0.000999999999999999,,0.021
961,,,,,,0.000999999999999999,,0.0205974025974026
962,,,,,,0.000999999999999999,,0.0203722944632034
963,,,,,,0.000999999999999999,,0.0201688311991342
964,,,,,,0.000999999999999999,,0.0198311686926407
965,,,,,,0.000999999999999999,,0.0195367961645021
966,,,,,,0.000999999999999999,,0.0193722937445887
967,,,,,,0.000999999999999999,,0.0191385272770562
968,,,,,,0.000999999999999999,,0.019060605030303
969,,,,,,0.000999999999999999,,0.0189393928484848
970,,,,,,0.000999999999999999,,0.0188614708614718
971,,,,,,,,0.0186277046277056
972,,,,,,,,0.0183722933722943
973,,,,,,,,0.018229436047619
974,,,,,,,,0.0179999989393939
975,,,,,,,,0.017770562047619
976,,,,,,,,0.0176277053722943
977,,,,,,,,0.0173722946277056
978,,,,,,,,0.0171385288614718
979,,,,,,,,0.016969698030303
980,,,,,,,,0.0170000011818182
981,,,,,,,,0.017030304030303
982,,,,,,,,0.0168614728614718
983,,,,,,,,0.0166277066277056
984,,,,,,,,0.0163722953722944
985,,,,,,,,0.0161385291385281
986,,,,,,,,0.0159696979696969
987,,,,,,,,0.0159090919090909
988,,,,,,,,0.016000001
989,,,,,,,,0.016000001
990,,,,,,,,0.016000001
991,,,,,,,,0.016000001
992,,,,,,,,0.016000001
993,,,,,,,,0.016000001
994,,,,,,,,0.016000001
995,,,,,,,,0.016000001
996,,,,,,,,0.016000001
997,,,,,,,,0.016000001
998,,,,,,,,0.016000001
999,,,,,,,,0.016000001